机型,网络,类型,版本,MD5,下载,大小,时间
17 Pro,A（公开版）,出厂系统,Flyme 8.1.2.1A,9b493fd59bd65df8d21ea6d694f35658,https://firmware.meizu.com/Firmware/Flyme/meizu17_Pro/8.1.2.1/cn/20200515190836/94f35658/update.zip,2648MB,2020-05-20
17 Pro,A（公开版）,出厂系统,Flyme 8.1.2.0A,bcf7ca1114ac2b671a933e26b9a2a945,https://firmware.meizu.com/Firmware/Flyme/m2091/8.1.2.0/cn/20200430030803/b9a2a945/update.zip,2648MB,2020-05-11
17,A（公开版）,出厂系统,Flyme 8.1.1.1A,fc58464759afd54853d5c86f58ed6911,https://firmware.meizu.com/Firmware/Flyme/meizu17/8.1.1.1/cn/20200515185215/58ed6911/update.zip,2587MB,2020-05-20
17,A（公开版）,出厂系统,Flyme 8.1.1.0A,d7acdaffca88f6dc962c56137c8cdea1,https://firmware.meizu.com/Firmware/Flyme/meizu17/8.1.1.0/cn/20200512170705/7c8cdea1/update.zip,2589MB,2020-05-11
16T,A（公开版）,体验版,Flyme 8.20.5.19 beta,2e60ef218bc022ddb18b8bae95fe2d20,https://firmware.meizu.com/Firmware/Flyme/16T/8.20.5.19/cn_beta/20200514113106/95fe2d20/update.zip,2758MB,2020-05-19
16T,A（公开版）,体验版,Flyme 8.20.4.28 beta,3c412622566ca8133bf0f45bc0fa52c2,https://firmware.meizu.com/Firmware/Flyme/16T/8.20.4.28/cn_beta/20200424005306/c0fa52c2/update.zip,2758MB,2020-04-28
16T,A（公开版）,稳定版 推荐,Flyme 8.0.0.1A,c152563ffd8130a86f7c940a8d07255c,https://firmware.meizu.com/Firmware/Flyme/m1928/8.0.0.1/cn/20200310164117/8d07255c/update.zip,2683MB,2020-03-13
16T,A（公开版）,出厂系统,Flyme 7.3.2.1A,7d494016a232883f1d59f0b3db98a726,https://firmware.meizu.com/Firmware/Flyme/m1928/7.3.2.1/cn/20191022171807/db98a726/update.zip,2545MB,2019-10-28
16s Pro,A（公开版）,体验版,Flyme 8.20.5.19 beta,341d8dd60039cbfcef90c2238fc609a4,https://firmware.meizu.com/Firmware/Flyme/16s_Pro/8.20.5.19/cn_beta/20200514113146/8fc609a4/update.zip,2581MB,2020-05-19
16s Pro,A（公开版）,体验版,Flyme 8.20.4.28 beta,403cd68aad541322613a10168b90fc0c,https://firmware.meizu.com/Firmware/Flyme/16s_Pro/8.20.4.28/cn_beta/20200424101234/8b90fc0c/update.zip,2582MB,2020-04-28
16s Pro,A（公开版）,稳定版 推荐,Flyme 8.0.0.0A,37a6e3a4b6358ebfadc3fb167fc423f3,https://firmware.meizu.com/Firmware/Flyme/16s_Pro/8.0.0.0/cn/20200107100707/7fc423f3/update.zip,2483MB,2020-01-10
16s Pro,A（公开版）,出厂系统,Flyme 7.3.4.2A,0817110a60d6d6b4207c3a515362b1dc,https://firmware.meizu.com/Firmware/Flyme/16s_Pro/7.3.4.2/cn/20191017191557/5362b1dc/update.zip,2242MB,2019-10-30
16Xs,A（公开版）,体验版,Flyme 8.20.5.19 beta,87418abd91066e8f3b83940608ecdb4a,https://firmware.meizu.com/Firmware/Flyme/16xs/8.20.5.19/cn_beta/20200514113509/08ecdb4a/update.zip,2647MB,2020-05-19
16Xs,A（公开版）,体验版,Flyme 8.20.4.28 beta,d298ace79a467aa723b78778fc79088a,https://firmware.meizu.com/Firmware/Flyme/16xs/8.20.4.28/cn_beta/20200424005421/fc79088a/update.zip,2646MB,2020-04-28
16Xs,A（公开版）,稳定版 推荐,Flyme 8.0.0.0A,ec09e9da38d08b893cf4d76456374b1b,https://firmware.meizu.com/Firmware/Flyme/16xs/8.0.0.0/cn/20191204175904/56374b1b/update.zip,2569MB,2019-12-09
16Xs,A（公开版）,出厂系统,Flyme 7.3.1.2A,9f3ff2e92bd1ee3fd72edfa8511c406c,https://firmware.meizu.com/Firmware/Flyme/16xs/7.3.1.2/cn/20190911204521/511c406c/update.zip,2374MB,2019-09-16
16s,A（公开版）,体验版,Flyme 8.20.5.19 beta,cc75004a226253de7ab93165ed8b769b,https://firmware.meizu.com/Firmware/Flyme/16s/8.20.5.19/cn_beta/20200514113216/ed8b769b/update.zip,2763MB,2020-05-19
16s,A（公开版）,体验版,Flyme 8.20.4.28 beta,5b1ecf52c90887780f8e0d511987a627,https://firmware.meizu.com/Firmware/Flyme/16s/8.20.4.28/cn_beta/20200424005145/1987a627/update.zip,2763MB,2020-04-28
16s,A（公开版）,稳定版 推荐,Flyme 8.0.0.0A,53c8aa15e458c6d476718621f7c778ac,https://firmware.meizu.com/Firmware/Flyme/16s/8.0.0.0/cn/20200107100742/f7c778ac/update.zip,2678MB,2020-01-10
16s,A（公开版）,出厂系统,Flyme 7.3.0.2A,61a8164d22b30810551dc62b1411f6fa,https://firmware.meizu.com/Firmware/Flyme/16s/7.3.0.2/cn/20190903124811/1411f6fa/update.zip,2376MB,2019-09-09
Note9,A（公开版）,体验版,Flyme 8.20.5.19 beta,a6679175f2538ef6e323f4753ce784e0,https://firmware.meizu.com/Firmware/Flyme/note9/8.20.5.19/cn_beta/20200514113636/3ce784e0/update.zip,2593MB,2020-05-19
Note9,A（公开版）,体验版,Flyme 8.20.4.28 beta,3ca21d3ee7c335f5c8179c2227cca3a2,https://firmware.meizu.com/Firmware/Flyme/note9/8.20.4.28/cn_beta/20200424005326/27cca3a2/update.zip,2593MB,2020-04-28
Note9,A（公开版）,稳定版 推荐,Flyme 8.0.0.0A,338e65aa620e60f0085d6c525af2f46b,https://firmware.meizu.com/Firmware/Flyme/note9/8.0.0.0/cn/20191219174129/5af2f46b/update.zip,2514MB,2019-12-26
Note9,A（公开版）,出厂系统,Flyme 7.3.0.0A,ea5c70c84983fb627460e515fd94b6a7,https://firmware.meizu.com/Firmware/Flyme/note9/7.3.0.0/cn/20190827203134/fd94b6a7/update.zip,2347MB,2019-09-04
Note8,A（公开版）,体验版,Flyme 8.20.5.19 beta,c44cb7547c1d57317e838a3c29afe4b4,https://firmware.meizu.com/Firmware/Flyme/note8/8.20.5.19/cn_beta/20200515171748/29afe4b4/update.zip,2315MB,2020-05-19
Note8,A（公开版）,体验版,Flyme 8.20.4.28 beta,8d5704cd347062112d3d42a68b165c34,https://firmware.meizu.com/Firmware/Flyme/note8/8.20.4.28/cn_beta/20200424005120/8b165c34/update.zip,2317MB,2020-04-28
Note8,A（公开版）,稳定版 推荐,Flyme 8.0.0.0A,a2b8e7b1d168bb701d48efe5aba64b2c,https://firmware.meizu.com/Firmware/Flyme/note8/8.0.0.0/cn/20191202012026/aba64b2c/update.zip,2241MB,2019-12-06
Note8,A（公开版）,出厂系统,Flyme 7.1.6.1A,aee377e8602cde253fbe764472460d59,https://firmware.meizu.com/Firmware/Flyme/note8/7.1.6.1/cn/20181107144618/72460d59/update.zip,2290MB,2018-12-11
X8,A（公开版）,体验版,Flyme 8.20.5.19 beta,3ad163caab0dae88018ac6ab2ce17803,https://firmware.meizu.com/Firmware/Flyme/M1852/8.20.5.19/cn_beta/20200514142215/2ce17803/update.zip,2727MB,2020-05-19
X8,A（公开版）,体验版,Flyme 8.20.4.28 beta,3f0b3a1fa685f94a5811695e2bcf2f5c,https://firmware.meizu.com/Firmware/Flyme/M1852/8.20.4.28/cn_beta/20200424004910/2bcf2f5c/update.zip,2727MB,2020-04-28
X8,A（公开版）,稳定版 推荐,Flyme 8.0.0.0A,1f65f08dd891d6b16364b45184186716,https://firmware.meizu.com/Firmware/Flyme/M1852/8.0.0.0/cn/20191223093423/84186716/update.zip,2672MB,2019-12-26
X8,A（公开版）,出厂系统,Flyme 7.1.7.1A,ad062c80db464fbc292570528e031976,https://firmware.meizu.com/Firmware/Flyme/M1852/7.1.7.1/cn/20181130111754/8e031976/update.zip,2258MB,2018-12-03
V8 高配版,A（公开版）,出厂系统,Flyme 7.1.5.2A,fa8127def46166526f44fac44440a072,https://firmware.meizu.com/Firmware/Flyme/M1813/7.1.5.2/cn/20200113115159/4440a072/update.zip,2096MB,2020-01-15
V8 标配版,A（公开版）,出厂系统,Flyme 7.1.2.2A,83d9a76d6e55c18c7fe20c5e7670819e,https://firmware.meizu.com/Firmware/Flyme/M1816/7.1.2.2/cn/20200113115311/7670819e/update.zip,1804MB,2020-03-11
16 X,A（公开版）,体验版,Flyme 8.20.5.19 beta,0b67e83003b0339ca9beb77b65007628,https://firmware.meizu.com/Firmware/Flyme/16/8.20.5.19/cn_beta/20200514113251/65007628/update.zip,2621MB,2020-05-19
16 X,A（公开版）,体验版,Flyme 8.20.4.28 beta,324b99e2c81f69655e742aa782ec64ea,https://firmware.meizu.com/Firmware/Flyme/16/8.20.4.28/cn_beta/20200424004644/82ec64ea/update.zip,2621MB,2020-04-28
16 X,A（公开版）,稳定版 推荐,Flyme 8.0.0.0A,ae403a9682aaf8912e7c3c33bf159d25,https://firmware.meizu.com/Firmware/Flyme/16/8.0.0.0/cn/20191227034010/bf159d25/update.zip,2548MB,2020-01-02
16 X,A（公开版）,出厂系统,Flyme 7.1.4.3A,4323c1acc695c304374a7c42d2f26d1f,https://firmware.meizu.com/Firmware/Flyme/16/7.1.4.3/cn/20190228101130/d2f26d1f/update.zip,2157MB,2019-02-28
16th Plus,A（公开版）,体验版,Flyme 8.20.5.19 beta,ff037677e69eef727c81f722443156ef,https://firmware.meizu.com/Firmware/Flyme/16th_Plus/8.20.5.19/cn_beta/20200514113331/443156ef/update.zip,2641MB,2020-05-19
16th Plus,A（公开版）,体验版,Flyme 8.20.4.28 beta,2396589fb7c27bfa4c2977d047d8e2df,https://firmware.meizu.com/Firmware/Flyme/16th_Plus/8.20.4.28/cn_beta/20200424004844/47d8e2df/update.zip,2641MB,2020-04-28
16th Plus,A（公开版）,稳定版 推荐,Flyme 8.0.0.0A,5c4de30339ccef0f9b6cc19024a5096a,https://firmware.meizu.com/Firmware/Flyme/16th_Plus/8.0.0.0/cn/20200108112151/24a5096a/update.zip,2566MB,2020-01-13
16th Plus,A（公开版）,出厂系统,Flyme 7.1.3.4A,cb07c43d84c32e6029e3e83a3606a23d,https://firmware.meizu.com/Firmware/Flyme/16th_Plus/7.1.3.4/cn/20190725180255/3606a23d/update.zip,2225MB,2019-08-15
16th,A（公开版）,体验版,Flyme 8.20.5.19 beta,36a8321abdeedc06da64b095e8fdd298,https://firmware.meizu.com/Firmware/Flyme/16th/8.20.5.19/cn_beta/20200514113441/e8fdd298/update.zip,2589MB,2020-05-19
16th,A（公开版）,体验版,Flyme 8.20.4.28 beta,96df4097ffdf8c874c01409f76ff8586,https://firmware.meizu.com/Firmware/Flyme/16th/8.20.4.28/cn_beta/20200424004452/76ff8586/update.zip,2589MB,2020-04-28
16th,A（公开版）,稳定版 推荐,Flyme 8.0.0.0A,701aee38719adb8638249b65e6f4e769,https://firmware.meizu.com/Firmware/Flyme/16th/8.0.0.0/cn/20200116113845/e6f4e769/update.zip,2515MB,2020-01-17
16th,A（公开版）,出厂系统,Flyme 7.1.1.4A,0fa267ddf3beaa15df71198aabdfb5d0,https://firmware.meizu.com/Firmware/Flyme/16th/7.1.1.4/cn/20190725143823/abdfb5d0/update.zip,2220MB,2019-08-15
魅蓝 6T,A（公开版）,出厂系统,Flyme 6.3.4.2A,886a164cc1145df9f6fe7f1dab24619f,https://firmware.meizu.com/Firmware/Flyme/M6T/6.3.4.2/cn/20190328163648/ab24619f/update.zip,1805MB,2019-03-29
魅蓝 6T,A（公开版）,体验版,Flyme 7.8.9.18 beta,6097679444efa35bbd23fde22fa1f658,https://firmware.meizu.com/Firmware/Flyme/M6T/7.8.9.18/cn_beta/20181106125111/2fa1f658/update.zip,1933MB,2018-09-19
15 Plus,A（公开版）,稳定版 推荐,Flyme 8.0.0.0A,34e8a864c67268f5609bcbeecd7a2366,https://firmware.meizu.com/Firmware/Flyme/15_Plus/8.0.0.0/cn/20191211041036/cd7a2366/update.zip,2125MB,2019-12-12
15 Plus,A（公开版）,稳定版 推荐,Flyme 7.3.0.0A 超级夜景尝鲜版,21b5bf401f675e74017cc3f64d542c90,https://firmware.meizu.com/Firmware/Flyme/15_Plus/7.3.0.0/cn/20190530095810/4d542c90/update.zip,2500MB,2019-05-30
15 Plus,A（公开版）,体验版,Flyme 8.19.11.26 beta,bfb7d1e080357d1ec8fe93db4c83d273,https://firmware.meizu.com/Firmware/Flyme/15_Plus/8.19.11.26/cn_beta/20191125203325/4c83d273/update.zip,2125MB,2019-11-27
15 Plus,A（公开版）,体验版,Flyme 8.19.11.12 beta,d2c92245ce425a9c7e61626d2dcfba0d,https://firmware.meizu.com/Firmware/Flyme/15_Plus/8.19.11.12/cn_beta/20191108104807/2dcfba0d/update.zip,2125MB,2019-11-12
15 Plus,A（公开版）,出厂系统,Flyme 7.0.3.2A,12a57f65d868d7467f2f0aaffdec806e,https://firmware.meizu.com/Firmware/Flyme/15_Plus/7.0.3.2/cn/20180831212057/fdec806e/update.zip,2064MB,2018-06-22
15,A（公开版）,稳定版 推荐,Flyme 8.0.0.0A,3ee1e5af00a0b51deb7453493a887e53,https://firmware.meizu.com/Firmware/Flyme/15/8.0.0.0/cn/20191216104918/3a887e53/update.zip,2336MB,2019-12-20
15,A（公开版）,体验版,Flyme 8.19.11.26 beta,19b4e425d5547defa13b07736b80b652,https://firmware.meizu.com/Firmware/Flyme/15/8.19.11.26/cn_beta/20191126112955/6b80b652/update.zip,2338MB,2019-11-27
15,A（公开版）,体验版,Flyme 8.19.11.12 beta,2c2e7f4c6ff7ab54c2ca777642a990ab,https://firmware.meizu.com/Firmware/Flyme/15/8.19.11.12/cn_beta/20191109183530/42a990ab/update.zip,2339MB,2019-11-12
15,A（公开版）,出厂系统,Flyme 7.0.2.2A,61b3c9bf732316ccb4cd667d3041f5e4,https://firmware.meizu.com/Firmware/Flyme/15/7.0.2.2/cn/20180831211852/3041f5e4/update.zip,2248MB,2018-06-15
15,M（移动定制）,出厂系统,Flyme 7.0.2.1M,4c4944ebcfe9ec21eade35f764d85cc8,https://firmware.meizu.com/Firmware/Flyme/15/7.0.2.1/cmcc/20180511142348/64d85cc8/update.zip,2583MB,2018-05-16
M15,A（公开版）,稳定版 推荐,Flyme 8.0.0.0A,898833a0e61979106232b87b002a8eff,https://firmware.meizu.com/Firmware/Flyme/M15/8.0.0.0/cn/20200113160403/002a8eff/update.zip,2328MB,2020-01-16
M15,A（公开版）,体验版,Flyme 7.9.5.28 beta,768bc9054ac698f85569573b0a643ba7,https://firmware.meizu.com/Firmware/Flyme/M15/7.9.5.28/cn_beta/20190524194114/0a643ba7/update.zip,2598MB,2019-05-28
M15,A（公开版）,体验版,Flyme 7.9.5.7 beta,a141b2b695be176605fa1d9b05942842,https://firmware.meizu.com/Firmware/Flyme/M15/7.9.5.7/cn_beta/20190505191519/05942842/update.zip,2566MB,2019-05-07
M15,A（公开版）,出厂系统,Flyme 7.0.1.2A,b7fe7e95d9d7e93fc65abb2b1bcdf575,https://firmware.meizu.com/Firmware/Flyme/M15/7.0.1.2/cn/20180831211550/1bcdf575/update.zip,2208MB,2018-06-29
魅蓝 E3,A（公开版）,稳定版 推荐,Flyme 8.0.0.0A,76575a1a3170ce0fea3e474e486af3c1,https://firmware.meizu.com/Firmware/Flyme/M3E/8.0.0.0/cn/20200117180649/486af3c1/update.zip,2292MB,2020-01-20
魅蓝 E3,A（公开版）,体验版,Flyme 7.8.11.13 beta,e866988958026815ae0c87c044d3a6cd,https://firmware.meizu.com/Firmware/Flyme/M3E/7.8.11.13/cn_beta/20181109160412/44d3a6cd/update.zip,2149MB,2018-11-13
魅蓝 E3,A（公开版）,体验版,Flyme 7.8.10.30 beta,9349d8a5fb60702b400e3febd74332a3,https://firmware.meizu.com/Firmware/Flyme/M3E/7.8.10.30/cn_beta/20181026171529/d74332a3/update.zip,2145MB,2018-10-30
魅蓝 E3,A（公开版）,出厂系统,Flyme 6.3.2.2A,0dc2ea4356f9b71024d53203f05e3186,https://firmware.meizu.com/Firmware/Flyme/M3E/6.3.2.2/cn/20180530115721/f05e3186/update.zip,2045MB,2018-06-07
魅蓝 S6,A（公开版）,稳定版 推荐,Flyme 8.0.0.0A,5f5c9c482008e75128b7b75febfc8684,https://firmware.meizu.com/Firmware/Flyme/s6/8.0.0.0/cn/20191218012255/ebfc8684/update.zip,1634MB,2019-12-23
魅蓝 S6,A（公开版）,体验版,Flyme 7.8.8.7 beta,f4b4ed6e2fc029bffd5557ce07aa0d7e,https://firmware.meizu.com/Firmware/Flyme/s6/7.8.8.7/cn_beta/20180803154054/07aa0d7e/update.zip,1470MB,2018-08-08
魅蓝 S6,A（公开版）,体验版,Flyme 7.8.7.24 beta,84038ef3ffadd2beedf8591085ac7ac5,https://firmware.meizu.com/Firmware/Flyme/s6/7.8.7.24/cn_beta/20180719170624/85ac7ac5/update.zip,1465MB,2018-07-24
魅蓝 S6,A（公开版）,出厂系统,Flyme 6.3.1.2A,c97915df1cefdaa5878fd7607e856503,https://firmware.meizu.com/Firmware/Flyme/s6/6.3.1.2/cn/20180803160054/7e856503/update.zip,1340MB,2018-04-08
魅蓝 6,A（公开版）,稳定版 推荐,Flyme 8.0.0.0A,28c4c83d52309b0c9e7fa29eef149cd4,https://firmware.meizu.com/Firmware/Flyme/m6/8.0.0.0/cn/20200110144612/ef149cd4/update.zip,1692MB,2020-01-15
魅蓝 6,A（公开版）,体验版,Flyme 7.8.6.25 beta,3f2026407df1fc0542c8b22bfbe36fcc,https://firmware.meizu.com/Firmware/Flyme/m6/7.8.6.25/cn_beta/20180622194519/fbe36fcc/update.zip,1455MB,2018-06-25
魅蓝 6,A（公开版）,体验版,Flyme 7.8.6.5 beta,7a5c084ca50b37abf840d6f11cf9976d,https://firmware.meizu.com/Firmware/Flyme/m6/7.8.6.5/cn_beta/20180601184327/1cf9976d/update.zip,1455MB,2018-06-05
魅蓝 6,A（公开版）,出厂系统,Flyme 6.2.0.5A,cec7b73b042a76cd067581fd8db0a2f5,https://firmware.meizu.com/Firmware/Flyme/m6/6.2.0.5/cn/20180411144909/8db0a2f5/update.zip,1306MB,2018-04-13
魅蓝 6,Q（电信版）,出厂系统,Flyme 6.2.0.3Q,286f7efee7374976e9eef39e00d15032,https://firmware.meizu.com/Firmware/Flyme/m6/6.2.0.3/tel/20180718150845/00d15032/update.zip,1312MB,2018-07-24
魅蓝 6,M（移动定制）,稳定版 推荐,Flyme 6.3.0.3M,51667f9e435d569db994937d328290b4,https://firmware.meizu.com/Firmware/Flyme/m6/6.3.0.3/cmcc/20190417180915/328290b4/update.zip,1405MB,2019-04-23
魅蓝 6,M（移动定制）,出厂系统,Flyme 6.2.0.5M,7e3e531a3d5a2b25ddcc23254868fc75,https://firmware.meizu.com/Firmware/Flyme/m6/6.2.0.5/cmcc/20180718103009/4868fc75/update.zip,1401MB,2018-07-24
魅蓝 Note6,A（公开版）,稳定版 推荐,Flyme 8.0.0.0A,fd634082af17ac098fb044e34d84401c,https://firmware.meizu.com/Firmware/Flyme/m6_note/8.0.0.0/cn/20191211041438/4d84401c/update.zip,2263MB,2019-12-12
魅蓝 Note6,A（公开版）,体验版,Flyme 8.19.11.26 beta,9cf345c6592155d10274e232c70c6c95,https://firmware.meizu.com/Firmware/Flyme/m6_note/8.19.11.26/cn_beta/20191126173509/c70c6c95/update.zip,2266MB,2019-11-27
魅蓝 Note6,A（公开版）,体验版,Flyme 8.19.11.12 beta,31535bd39ea8a6e2d7c5a63fed719add,https://firmware.meizu.com/Firmware/Flyme/m6_note/8.19.11.12/cn_beta/20191107041338/ed719add/update.zip,2266MB,2019-11-12
魅蓝 Note6,A（公开版）,出厂系统,Flyme 6.1.4.7A,38031098d2f31ebc335c74897600f73c,https://firmware.meizu.com/Firmware/Flyme/m6_note/6.1.4.7/cn/20180312213421/7600f73c/update.zip,1860MB,2018-03-13
魅蓝 Note6,Q（电信版）,出厂系统,Flyme 6.1.4.3Q,668fab7a231abf69e6ff397d91792d55,https://firmware.meizu.com/Firmware/Flyme/m6_note/6.1.4.3/tel/20191021102012/91792d55/update.zip,1912MB,2019-11-04
魅蓝 Note6,M（移动定制）,出厂系统,Flyme 6.1.4.4M,965b64cdb00a86635092726a6a064660,https://firmware.meizu.com/Firmware/Flyme/m6_note/6.1.4.4/cmcc/20180718142334/6a064660/update.zip,1929MB,2018-07-24
PRO 7 Plus,A（公开版）,稳定版 推荐,Flyme 8.0.0.0A,2a14ec8a4df9a4481757aecbc6ed8e89,https://firmware.meizu.com/Firmware/Flyme/PRO7_Plus/8.0.0.0/cn/20191211041115/c6ed8e89/update.zip,1732MB,2019-12-12
PRO 7 Plus,A（公开版）,体验版,Flyme 8.19.11.26 beta,25996da208951059915849005101bee9,https://firmware.meizu.com/Firmware/Flyme/PRO7_Plus/8.19.11.26/cn_beta/20191126111810/5101bee9/update.zip,1739MB,2019-11-27
PRO 7 Plus,A（公开版）,体验版,Flyme 8.19.11.12 beta,134f1613bb1d11c806ad7a0ca08e4506,https://firmware.meizu.com/Firmware/Flyme/PRO7_Plus/8.19.11.12/cn_beta/20191109183515/a08e4506/update.zip,1739MB,2019-11-12
PRO 7 Plus,A（公开版）,出厂系统,Flyme 6.1.2.5A,43161cf9677ee3f3fe7a72d82cace34a,https://firmware.meizu.com/Firmware/Flyme/PRO7_Plus/6.1.2.5/cn/20170914153556/2cace34a/update.zip,1365MB,2017-09-18
PRO 7 高配版,A（公开版）,稳定版 推荐,Flyme 8.0.0.0A,7223035238e31a2e80cfe9bae9701eed,https://firmware.meizu.com/Firmware/Flyme/PRO7H/8.0.0.0/cn/20191217114750/e9701eed/update.zip,1707MB,2019-12-18
PRO 7 高配版,A（公开版）,体验版,Flyme 8.19.11.26 beta,ddad00273b7e9fb3f6324d71a7c750f4,https://firmware.meizu.com/Firmware/Flyme/PRO7H/8.19.11.26/cn_beta/20191126111610/a7c750f4/update.zip,1705MB,2019-11-27
PRO 7 高配版,A（公开版）,体验版,Flyme 8.19.11.12 beta,270e063ed18d9fe4f107c8304d1ee6f4,https://firmware.meizu.com/Firmware/Flyme/PRO7H/8.19.11.12/cn_beta/20191109183500/4d1ee6f4/update.zip,1705MB,2019-11-12
PRO 7 高配版,A（公开版）,出厂系统,Flyme 6.2.0.1A,527d76a86315a2dc73dbb08a9c970eff,https://firmware.meizu.com/Firmware/Flyme/PRO7H/6.2.0.1/cn/20171023113334/9c970eff/update.zip,1331MB,2017-11-07
PRO 7 标准版,A（公开版）,稳定版 推荐,Flyme 8.0.0.0A,f7289b44c45e1e345e29c943f3795db1,https://firmware.meizu.com/Firmware/Flyme/PRO7S/8.0.0.0/cn/20200113172509/f3795db1/update.zip,1714MB,2020-01-16
PRO 7 标准版,A（公开版）,体验版,Flyme 7.9.5.28 beta,cb9b3fed6771d3f6c3b9af4b1bdb233a,https://firmware.meizu.com/Firmware/Flyme/PRO7S/7.9.5.28/cn_beta/20190524191544/1bdb233a/update.zip,1766MB,2019-05-28
PRO 7 标准版,A（公开版）,体验版,Flyme 7.9.5.7 beta,8ef1c2adba166da205b090f632ad8c33,https://firmware.meizu.com/Firmware/Flyme/PRO7S/7.9.5.7/cn_beta/20190505192029/32ad8c33/update.zip,1754MB,2019-05-07
PRO 7 标准版,A（公开版）,出厂系统,Flyme 6.2.0.2A,cf8b7745d173cd5ab039f46b96c7752c,https://firmware.meizu.com/Firmware/Flyme/PRO7S/6.2.0.2/cn/20180102152511/96c7752c/update.zip,1401MB,2018-01-19
PRO 7 标准版,M（移动定制）,稳定版 推荐,Flyme 7.3.0.0A,e7a2ef77fb6526d95bc3b5807c648dee,https://firmware.meizu.com/Firmware/Flyme/PRO7S/7.3.0.0/cmcc/20190730164617/7c648dee/update.zip,1688MB,2019-07-31
PRO 7 标准版,M（移动定制）,出厂系统,Flyme 6.1.3.5M,9ef4b901137dd011ae9c2decc485935b,https://firmware.meizu.com/Firmware/Flyme/PRO7S/6.1.3.5/cmcc/20170914153955/c485935b/update.zip,1329MB,2017-09-18
魅蓝 A5,M（移动定制）,出厂系统,Flyme 6.0.2.4M,76d388b30d30db17e5107adcc4274e81,https://firmware.meizu.com/Firmware/Flyme/M5c/6.0.2.4/cmcc/20190328163856/c4274e81/update.zip,1270MB,2019-04-03
魅蓝 E2,A/Y（公开版）,稳定版 推荐,Flyme 6.3.0.3A,0822400c1410c0950f717c2eb1fee114,https://firmware.meizu.com/Firmware/Flyme/M2E/6.3.0.3/cn/20190320170156/b1fee114/update.zip,1496MB,2019-03-22
魅蓝 E2,A/Y（公开版）,体验版,Flyme 7.8.7.24 beta,b3b7c33886b2bf16f9a1923a9c91aa33,https://firmware.meizu.com/Firmware/Flyme/M2E/7.8.7.24/cn_beta/20180724151112/9c91aa33/update.zip,1294MB,2018-07-26
魅蓝 E2,A/Y（公开版）,体验版,Flyme 6.8.1.16 beta,c088287b9e8e9efa5600724fc67e1354,https://firmware.meizu.com/Firmware/Flyme/M2E/6.8.1.16/cn_beta/20180112100256/c67e1354/update.zip,1477MB,2018-01-16
魅蓝 E2,A/Y（公开版）,体验版,Flyme 6.7.12.26 beta,160d2488711be0c713aa6a148d96d3c7,https://firmware.meizu.com/Firmware/Flyme/M2E/6.7.12.26/cn_beta/20171225131508/8d96d3c7/update.zip,1462MB,2017-12-26
魅蓝 E2,A/Y（公开版）,体验版,Flyme 6.7.7.1 beta,13e233de52d73bd3fc29f0359bcf5d0e,https://firmware.meizu.com/Firmware/Flyme/M2E/6.7.7.1/cn_beta/20170920175643/9bcf5d0e/update.zip,1390MB,2017-07-01
魅蓝 E2,A/Y（公开版）,出厂系统,Flyme 6.0.3.5Y,cd921b3df78799b3b94bb7602dd94a33,https://firmware.meizu.com/Firmware/Flyme/M2E/6.0.3.5/ali/20170804025926/2dd94a33/update.zip,1396MB,2017-08-25
魅蓝 E2,M/MY（移动定制）,稳定版 推荐,Flyme 6.3.0.3M,a77a3494c6c1610bf3425c473a99db2d,https://firmware.meizu.com/Firmware/Flyme/M2E/6.3.0.3/cmcc/20190320152912/3a99db2d/update.zip,1555MB,2019-03-25
魅蓝 E2,M/MY（移动定制）,稳定版 推荐,Flyme 6.2.0.2M,A287262B3DEEC030E7688B3FD6F7F5EA,https://firmware.meizu.com/Firmware/Flyme/M2E/6.2.0.2/cmcc/20171106171625/ydcqcb1b/update.zip,1451MB,2017-11-08
魅蓝 E2,M/MY（移动定制）,体验版,Flyme 6.7.9.26 beta,5A2C2D9EF0CFF390C6A5A9DE071E52BC,https://firmware.meizu.com/Firmware/Flyme/M2E/6.7.9.26/cn_beta/20170925171455/ydcqebc/update.zip,1436MB,2017-09-26
魅蓝 E2,M/MY（移动定制）,体验版,Flyme 6.7.7.1 beta,3F7B6E18D71E8D723AB84D61D5FED180,http://firmware.meizu.com/Firmware/Flyme/M2E/6.7.7.1/cn_beta/20171101104558/nwsi7d636/update.zip,1453MB,2017-07-01
魅蓝 E2,M/MY（移动定制）,出厂系统,Flyme 6.0.3.3MY,c82ffc7818bfcacc26e4cfb2ea17b506,https://firmware.meizu.com/Firmware/Flyme/M2E/6.0.3.3/cmcc/20170828175412/ea17b506/update.zip,1479MB,2017-09-19
魅蓝 5s,A（公开版）,稳定版 推荐,Flyme 6.3.0.3A,1533df3e4438e772e696e34a0a2c6010,https://firmware.meizu.com/Firmware/Flyme/m5s/6.3.0.3/cn/20190320170817/0a2c6010/update.zip,1291MB,2019-03-22
魅蓝 5s,A（公开版）,体验版,Flyme 7.8.7.24 beta,4596f50233d3bcf94131f960074bf0c1,https://firmware.meizu.com/Firmware/Flyme/m5s/7.8.7.24/cn_beta/20180724155315/074bf0c1/update.zip,1391MB,2018-07-26
魅蓝 5s,A（公开版）,体验版,Flyme 6.8.1.26 beta,d3d8f804c6b05057cd9b44a5c723c9e1,https://firmware.meizu.com/Firmware/Flyme/m5s/6.8.1.26/cn_beta/20180126120508/c723c9e1/update.zip,1274MB,2018-01-26
魅蓝 5s,A（公开版）,体验版,Flyme 6.7.8.22 beta,6c677826b496880891841870c6cb85d4,https://firmware.meizu.com/Firmware/Flyme/m5s/6.7.8.22/cn_beta/20170816023942/c6cb85d4/update.zip,1257MB,2017-08-22
魅蓝 5s,A（公开版）,体验版,Flyme 6.7.7.1 beta,b1d069571e50177dac3b5a51f41ad6ea,https://firmware.meizu.com/Firmware/Flyme/m5s/6.7.7.1/cn_beta/20170920094251/f41ad6ea/update.zip,1230MB,2017-07-01
魅蓝 5s,A（公开版）,出厂系统,Flyme 5.2.13.7A,b050b70f9731b79461486882ee05ea0b,https://firmware.meizu.com/Firmware/Flyme/m5s/5.2.13.7/cn/20171031100058/ee05ea0b/update.zip,1149MB,2017-11-07
魅蓝 5s,Q（电信版）,稳定版 推荐,Flyme 6.3.0.2Q,4f4092f910427befca59fcc617639e2a,https://firmware.meizu.com/Firmware/Flyme/m5s/6.3.0.2/tel/20180305192501/17639e2a/update.zip,1287MB,2018-03-07
魅蓝 5s,Q（电信版）,体验版,Flyme 6.8.1.26 beta,912aad97edd1beeb3dea5d22263136ea,https://firmware.meizu.com/Firmware/Flyme/m5s/6.8.1.26/cn_beta/20180126111637/263136ea/update.zip,1274MB,2018-01-26
魅蓝 5s,Q（电信版）,出厂系统,Flyme 5.2.13.7Q,fee36e6a13ac1d7febb712c661946727,http://firmware.meizu.com/Firmware/Flyme/m5s/5.2.13.7/tel/20170515073917/61946727/update.zip,1150MB,2017-05-24
魅蓝 5s,M（移动定制）,稳定版 推荐,Flyme 6.3.0.2M,069a2e51734f29b6d21dbe25fc5d3623,https://firmware.meizu.com/Firmware/Flyme/m5s/6.3.0.2/cmcc/20180307103437/fc5d3623/update.zip,1300MB,2018-03-07
魅蓝 5s,M（移动定制）,出厂系统,Flyme 5.2.13.4M,d6d491790ef27b46c2588e9e5e060348,http://firmware.meizu.com/Firmware/Flyme/m5s/5.2.13.4/cmcc/20170703054514/5e060348/update.zip,1186MB,2017-07-18
PRO 6 Plus,A（公开版）,稳定版 推荐,Flyme 8.0.0.0A,0c3a931417e55a7093bc575de0f1aa20,https://firmware.meizu.com/Firmware/Flyme/PRO6_Plus/8.0.0.0/cn/20191202093116/e0f1aa20/update.zip,1557MB,2019-12-06
PRO 6 Plus,A（公开版）,稳定版 推荐,Flyme 7.3.0.0A 超级夜景尝鲜版,875e90c1417c57a4b916bc76819fa0f6,https://firmware.meizu.com/Firmware/Flyme/PRO6_Plus/7.3.0.0/cn/20190529113319/819fa0f6/update.zip,1645MB,2019-05-30
PRO 6 Plus,A（公开版）,体验版,Flyme 7.8.7.24 beta,ca68fd58d324ff54a96f6df952719f71,https://firmware.meizu.com/Firmware/Flyme/PRO6_Plus/7.8.7.24/cn_beta/20180719162346/52719f71/update.zip,1431MB,2018-07-24
PRO 6 Plus,A（公开版）,体验版,Flyme 7.8.7.10 beta,9b582c36230957958e32d70015306fcb,https://firmware.meizu.com/Firmware/Flyme/PRO6_Plus/7.8.7.10/cn_beta/20180706171400/15306fcb/update.zip,1431MB,2018-07-10
PRO 6 Plus,A（公开版）,体验版,Flyme 6.7.7.1 beta,3b580540e9336a83725fbee907a706ff,https://firmware.meizu.com/Firmware/Flyme/PRO6_Plus/6.7.7.1/cn_beta/20170920094015/07a706ff/update.zip,1216MB,2017-07-01
PRO 6 Plus,A（公开版）,出厂系统,Flyme 5.2.7.2A,e021b482227f8366783fc8a95b54222c,http://firmware.meizu.com/Firmware/Flyme/PRO6_Plus/5.2.7.2/cn/20170227103324/5b54222c/update.zip,1090MB,2017-03-04
魅蓝 Note5,A（公开版）,稳定版 推荐,Flyme 8.0.0.0A,9af776ea5986dd80cb063acd31d628ec,https://firmware.meizu.com/Firmware/Flyme/m5_note/8.0.0.0/cn/20191130032633/31d628ec/update.zip,1703MB,2019-12-06
魅蓝 Note5,A（公开版）,体验版,Flyme 7.8.6.25 beta,df97a15091db063a5eb35a3c245c50df,https://firmware.meizu.com/Firmware/Flyme/m5_note/7.8.6.25/cn_beta/20180622194006/245c50df/update.zip,1526MB,2018-06-25
魅蓝 Note5,A（公开版）,体验版,Flyme 7.8.6.5 beta,ba05da45ff199e01cad62aaa98825c31,https://firmware.meizu.com/Firmware/Flyme/m5_note/7.8.6.5/cn_beta/20180601104228/98825c31/update.zip,1526MB,2018-06-05
魅蓝 Note5,A（公开版）,体验版,Flyme 6.7.7.1 beta,0696cda7a6d07301e3928281402bee28,https://firmware.meizu.com/Firmware/Flyme/m5_note/6.7.7.1/cn_beta/20170920093436/402bee28/update.zip,1326MB,2017-07-01
魅蓝 Note5,A（公开版）,出厂系统,Flyme 5.2.11.5A,e75266dfcbbabc56013c11efc2256428,http://firmware.meizu.com/Firmware/Flyme/m5_note/5.2.11.5/cn/20170321101926/c2256428/update.zip,1208MB,2017-03-30
魅蓝 Note5,Q（电信版）,稳定版 推荐,Flyme 6.3.0.3Q,b531dbfd35c4fe303c88e50866a91584,https://firmware.meizu.com/Firmware/Flyme/m5_note/6.3.0.3/tel/20190415114131/66a91584/update.zip,1433MB,2019-04-16
魅蓝 Note5,Q（电信版）,稳定版 推荐,Flyme 6.3.0.2Q,8ead9feea6ef9266d3062e5e910d96d3,https://firmware.meizu.com/Firmware/Flyme/m5_note/6.3.0.2/tel/20180306111645/910d96d3/update.zip,1433MB,2018-03-07
魅蓝 Note5,Q（电信版）,体验版,Flyme 6.7.7.1 beta,9ff172be8fc9ec15d172311d42b3e528,https://firmware.meizu.com/Firmware/Flyme/m5_note/6.7.7.1/cn_beta/20170920093824/42b3e528/update.zip,1334MB,2017-07-01
魅蓝 Note5,Q（电信版）,出厂系统,Flyme 5.2.11.4Q,e3620e66d1713fe258bffc572fc1936f,https://firmware.meizu.com/Firmware/Flyme/m5_note/5.2.11.4/tel/20170418112312/2fc1936f/update.zip,1223MB,2017-06-01
魅蓝 Note5,M（移动定制）,稳定版 推荐,Flyme 6.3.0.2A,d0a66bdd2e833b8904ed5458bd1a333d,https://firmware.meizu.com/Firmware/Flyme/m5_note/6.3.0.2/cn/20180329003117/bd1a333d/update.zip,1429MB,2018-04-13
魅蓝 Note5,M（移动定制）,出厂系统,Flyme 5.2.11.4M,e18917a2939ccd9863374b5300f82ac1,http://firmware.meizu.com/Firmware/Flyme/m5_note/5.2.11.4/cmcc/20170419091510/00f82ac1/update.zip,1248MB,2017-04-21
魅蓝 X,A（公开版）,稳定版 推荐,Flyme 6.3.0.3A,b4e5a04955602dfa8f47c9db1679cbac,https://firmware.meizu.com/Firmware/Flyme/M3X/6.3.0.3/cn/20190307171808/1679cbac/update.zip,1444MB,2019-03-15
魅蓝 X,A（公开版）,体验版,Flyme 7.8.7.24 beta,717190dc46844e4688064ead49cef200,https://firmware.meizu.com/Firmware/Flyme/M3X/7.8.7.24/cn_beta/20180724151303/49cef200/update.zip,1304MB,2018-07-26
魅蓝 X,A（公开版）,体验版,Flyme 6.8.1.16 beta,451df129b11453f58266b6baeaa854f4,https://firmware.meizu.com/Firmware/Flyme/M3X/6.8.1.16/cn_beta/20180111231844/eaa854f4/update.zip,1430MB,2018-01-16
魅蓝 X,A（公开版）,体验版,Flyme 6.7.12.26 beta,b730120a75e47015001c81e4aa9469ba,https://firmware.meizu.com/Firmware/Flyme/M3X/6.7.12.26/cn_beta/20171225141052/aa9469ba/update.zip,1415MB,2017-12-26
魅蓝 X,A（公开版）,体验版,Flyme 6.7.7.1 beta,5b05571d50840d6237656a7c5ff6b717,https://firmware.meizu.com/Firmware/Flyme/M3X/6.7.7.1/cn_beta/20170920093411/5ff6b717/update.zip,1344MB,2017-07-01
魅蓝 X,A（公开版）,出厂系统,Flyme 5.2.8.3A,9c23ae68ed731bd965020d1fa47cc6c5,http://firmware.meizu.com/Firmware/Flyme/M3X/5.2.8.3/cn/20170406154647/a47cc6c5/update.zip,1224MB,2017-04-26
魅蓝 X,A（公开版）,出厂系统,Flyme 5.2.8.2A,419e9d3b3e3e6d6611b3637e0a6be39b,http://firmware.meizu.com/Firmware/Flyme/M3X/5.2.8.2/cn/20170310174719/0a6be39b/update.zip,1200MB,2017-03-17
魅蓝 X,Q（电信版）,稳定版 推荐,Flyme 6.3.0.3A,b4e5a04955602dfa8f47c9db1679cbac,https://firmware.meizu.com/Firmware/Flyme/M3X/6.3.0.3/cn/20190307171808/1679cbac/update.zip,1444MB,2019-03-15
魅蓝 X,Q（电信版）,出厂系统,Flyme 5.2.8.5Q,a143a8dc427dbc2440eacbedb7b6cd0b,http://firmware.meizu.com/Firmware/Flyme/M3X/5.2.8.5/tel/20161212192858/b7b6cd0b/update.zip,1200MB,2017-01-05
魅蓝 5,A/Y（公开版）,稳定版 推荐,Flyme 6.3.0.3A,ff164e48c89cd9bbd70e2dba40f7b479,https://firmware.meizu.com/Firmware/Flyme/m5/6.3.0.3/cn/20190320172427/40f7b479/update.zip,1349MB,2019-03-22
魅蓝 5,A/Y（公开版）,体验版,Flyme 7.8.7.24 beta,19739ca6275a85a4c8f86fcb42f1c391,https://firmware.meizu.com/Firmware/Flyme/m5/7.8.7.24/cn_beta/20180724154543/42f1c391/update.zip,1446MB,2018-07-26
魅蓝 5,A/Y（公开版）,体验版,Flyme 6.8.1.30 beta,a066bb476a646355266076cb1fe8aff7,https://firmware.meizu.com/Firmware/Flyme/m5/6.8.1.30/cn_beta/20180129234600/1fe8aff7/update.zip,1322MB,2018-01-30
魅蓝 5,A/Y（公开版）,体验版,Flyme 6.8.1.26 beta,9e73af3016a87a0d1c8296fd19c9c0eb,https://firmware.meizu.com/Firmware/Flyme/m5/6.8.1.26/cn_beta/20180126120433/19c9c0eb/update.zip,1322MB,2018-01-26
魅蓝 5,A/Y（公开版）,体验版,Flyme 6.7.7.1 beta,9ba6961a40830db68ab421183023d347,https://firmware.meizu.com/Firmware/Flyme/m5/6.7.7.1/cn_beta/20170920094351/3023d347/update.zip,1277MB,2017-07-01
魅蓝 5,A/Y（公开版）,出厂系统,Flyme 5.2.10.6Y,b6c64bed8a97e3dbad0d6752c93bce44,http://firmware.meizu.com/Firmware/Flyme/m5/5.2.10.6/ali/20170630042813/c93bce44/update.zip,1321MB,2017-07-13
魅蓝 5,MY（移动定制）,稳定版 推荐,Flyme 6.3.0.3A,ff164e48c89cd9bbd70e2dba40f7b479,https://firmware.meizu.com/Firmware/Flyme/m5/6.3.0.3/cn/20190320172427/40f7b479/update.zip,1349MB,2019-03-22
魅蓝 5,MY（移动定制）,出厂系统,Flyme 5.2.10.2MY,c354a6c60402862d82acb8032dffb7b6,http://firmware.meizu.com/Firmware/Flyme/m5/5.2.10.2/cmcc/20170425003930/2dffb7b6/update.zip,1416MB,2017-04-29
魅蓝 5,QY（电信版）,稳定版 推荐,Flyme 6.3.0.2Q,db4564c361c690bf2b4583af8a406ae2,https://firmware.meizu.com/Firmware/Flyme/m5/6.3.0.2/tel/20180305183403/8a406ae2/update.zip,1332MB,2018-03-07
魅蓝 5,QY（电信版）,出厂系统,Flyme 5.2.10.2QY,5e3bfc37f201c9077dde9daf3e31ce4f,http://firmware.meizu.com/Firmware/Flyme/m5/5.2.10.2/tel/20170612153911/3e31ce4f/update.zip,1362MB,2017-06-26
PRO 6s,A（公开版）,稳定版 推荐,Flyme 8.0.0.0A,d3bb9ce3d7de40faaa585dc5ea8dc9b8,https://firmware.meizu.com/Firmware/Flyme/PRO_6/8.0.0.0/cn/20191202092531/ea8dc9b8/update.zip,1732MB,2019-12-06
PRO 6s,A（公开版）,体验版,Flyme 7.8.7.24 beta,597d4b9fa2bcb33eb56d17e63e369d16,https://firmware.meizu.com/Firmware/Flyme/PRO_6/7.8.7.24/cn_beta/20180719165021/3e369d16/update.zip,1554MB,2018-07-24
PRO 6s,A（公开版）,体验版,Flyme 7.8.7.10 beta,4b3e81a1681531bdd6b3ef1b5922ff63,https://firmware.meizu.com/Firmware/Flyme/PRO_6/7.8.7.10/cn_beta/20180706171455/5922ff63/update.zip,1554MB,2018-07-10
PRO 6s,A（公开版）,体验版,Flyme 6.7.7.10 beta,2e4299441545bb58bf248f3815747b44,https://firmware.meizu.com/Firmware/Flyme/PRO_6/6.7.7.10/cn_beta/20170915190047/15747b44/update.zip,1313MB,2017-07-10
PRO 6s,A（公开版）,体验版,Flyme 6.7.1.1 beta,8a215d01d657c291821d2e41f4857a16,http://firmware.meizu.com/Firmware/Flyme/PRO_6/6.7.1.1/cn_beta/20170503151150/f4857a16/update.zip,1289MB,2017-01-01
PRO 6s,A（公开版）,出厂系统,Flyme 5.2.6.2A,887085c3fad0df3b282b445cac8f45f4,http://firmware.meizu.com/Firmware/Flyme/PRO_6/5.2.6.2/cn/20170308124856/ac8f45f4/update.zip,1370MB,2017-03-14
魅蓝 U10,A/Y（公开版）,稳定版 推荐,Flyme 6.3.0.3A,1369f13c695c8d4896ea3e5fd59bb703,https://firmware.meizu.com/Firmware/Flyme/U10/6.3.0.3/cn/20190306094201/d59bb703/update.zip,1428MB,2019-03-13
魅蓝 U10,A/Y（公开版）,体验版,Flyme 6.8.1.23 beta,aa9b78bba0e34d2fb4107db6739995a0,https://firmware.meizu.com/Firmware/Flyme/U10/6.8.1.23/cn_beta/20180122111243/739995a0/update.zip,1410MB,2018-01-23
魅蓝 U10,A/Y（公开版）,体验版,Flyme 6.7.8.22 beta,327efdbc46b0881647d61796e93448f1,https://firmware.meizu.com/Firmware/Flyme/U10/6.7.8.22/cn_beta/20170816094425/e93448f1/update.zip,1399MB,2017-08-22
魅蓝 U10,A/Y（公开版）,出厂系统,Flyme 5.2.3.3Y,42399e0b2d359e2db671b70448c2729f,http://download.meizu.com/Firmware/Flyme/U10/5.2.3.3/ali/20170223144117/48c2729f/update.zip,1230MB,2017-03-01
魅蓝 U10,QY（电信版）,稳定版 推荐,Flyme 6.3.0.3A,1369f13c695c8d4896ea3e5fd59bb703,https://firmware.meizu.com/Firmware/Flyme/U10/6.3.0.3/cn/20190306094201/d59bb703/update.zip,1428MB,2019-03-13
魅蓝 U10,QY（电信版）,出厂系统,Flyme 5.2.3.7QY,eb60a01fd588c79487faa19533644981,http://firmware.meizu.com/Firmware/Flyme/U10/5.2.3.7/tel/20170228175340/33644981/update.zip,1230MB,2017-03-09
魅蓝 Max,A（公开版）,稳定版 推荐,Flyme 8.0.0.0A,ccac733dbbde8a04a73fc708483083ac,https://firmware.meizu.com/Firmware/Flyme/MAX/8.0.0.0/cn/20191130033718/483083ac/update.zip,1704MB,2019-12-06
魅蓝 Max,A（公开版）,体验版,Flyme 7.8.6.25 beta,bfd91ba79c0aae5a6b3cfa863b102be8,https://firmware.meizu.com/Firmware/Flyme/MAX/7.8.6.25/cn_beta/20180622193858/3b102be8/update.zip,1375MB,2018-06-25
魅蓝 Max,A（公开版）,体验版,Flyme 7.8.6.5 beta,fffe0c50e2d370c4bbcf0cd56e790ff1,https://firmware.meizu.com/Firmware/Flyme/MAX/7.8.6.5/cn_beta/20180601161757/6e790ff1/update.zip,1375MB,2018-06-05
魅蓝 Max,A（公开版）,出厂系统,Flyme 5.2.5.3A,5ef856e0115d6375c5eb09a56ba8fffe,http://firmware.meizu.com/Firmware/Flyme/M3_max/5.2.5.3/cn/20161122162351/6ba8fffe/update.zip,1190MB,2016-11-25
魅蓝 U20,A/Y（公开版）,稳定版 推荐,Flyme 6.3.0.3A,6ad27c32a5ed178c34c37f2929c3ec96,https://firmware.meizu.com/Firmware/Flyme/U20/6.3.0.3/cn/20190306094359/29c3ec96/update.zip,1303MB,2019-03-13
魅蓝 U20,A/Y（公开版）,体验版,Flyme 6.8.1.19 beta,d37fc6b4793ede002e0cf9f040d52c73,https://firmware.meizu.com/Firmware/Flyme/U20/6.8.1.19/cn_beta/20180119111808/40d52c73/update.zip,1285MB,2018-01-19
魅蓝 U20,A/Y（公开版）,体验版,Flyme 6.7.8.22 beta,fe1bca582a74cf651395e9c337e0d351,https://firmware.meizu.com/Firmware/Flyme/U20/6.7.8.22/cn_beta/20170816094505/37e0d351/update.zip,1274MB,2017-08-22
魅蓝 U20,A/Y（公开版）,出厂系统,Flyme 5.2.4.2Y,f79088435aaf0ba0f14004017474954b,http://firmware.meizu.com/Firmware/Flyme/U20/5.2.4.2/ali/20161108111615/7474954b/update.zip,1180MB,2016-11-11
魅蓝 U20,QY（电信版）,稳定版 推荐,Flyme 6.3.0.0A,EFD39C214251E92C62B08ABAAFF2DA9C,https://firmware.meizu.com/Firmware/Flyme/U20/6.3.0.0/cn/20180129013109/chong9e05b/update.zip,1290MB,2018-01-30
魅蓝 U20,QY（电信版）,出厂系统,Flyme 5.2.4.1QY,dbbd3a14986ff885c1394a796f618993,http://firmware.meizu.com/Firmware/Flyme/U20/5.2.4.1/ali/20161123131014/6f618993/update.zip,1180MB,2016-12-02
魅蓝 E,A/Y（公开版）,稳定版 推荐,Flyme 8.0.0.0A,5884f92b54d5ac72b0370a8fd00565bf,https://firmware.meizu.com/Firmware/Flyme/M1_E/8.0.0.0/cn/20191130021617/d00565bf/update.zip,1704MB,2019-12-06
魅蓝 E,A/Y（公开版）,体验版,Flyme 7.8.6.25 beta,06c2d19d1f9abd1a251d1bf4c057a7ab,https://firmware.meizu.com/Firmware/Flyme/M1_E/7.8.6.25/cn_beta/20180622194144/c057a7ab/update.zip,1375MB,2018-06-25
魅蓝 E,A/Y（公开版）,体验版,Flyme 7.8.6.5 beta,c33be4b2a563b866f32efea9856db419,https://firmware.meizu.com/Firmware/Flyme/M1_E/7.8.6.5/cn_beta/20180601104108/856db419/update.zip,1375MB,2018-06-05
魅蓝 E,A/Y（公开版）,出厂系统,Flyme 5.2.1.6Y,1462337cde9718615ab8abcf2b3a9740,http://firmware.meizu.com/Firmware/Flyme/M1_E/5.2.1.6/cn/20161012144041/2b3a9740/update.zip,1250MB,2016-10-24
魅蓝 E,A/Y（公开版）,出厂系统,Flyme 5.2.1.7Y 车控专版,987d25f1f8397da5a4d8eacd4b450064,http://firmware.meizu.com/Firmware/Flyme/M1_E/5.2.1.7/cn/20161021092910/4b450064/update.zip,1240MB,2016-10-21
魅蓝 E,MY（移动定制）,稳定版 推荐,Flyme 6.2.5.0A,F2A01A79FF04C1FFD88E22CE7AC405B6,https://firmware.meizu.com/Firmware/Flyme/M1_E/6.2.5.0/cn/20171225171234/ydsign676b/update.zip,1437MB,2017-12-26
魅蓝 E,MY（移动定制）,出厂系统,Flyme 5.2.1.1MY,963050d79eb1e722f703fb0368a789d0,http://firmware.meizu.com/Firmware/Flyme/M1_E/5.2.1.1/cmcc/20170210181201/68a789d0/update.zip,1200MB,2017-02-20
魅蓝 E,QY（电信版）,稳定版 推荐,Flyme 6.2.5.0A,2D7DC8AA625F00A0C4CD715C30B9AC02,https://firmware.meizu.com/Firmware/Flyme/M1_E/6.2.5.0/cn/20171225171234/dianxin568e/update.zip,1437MB,2017-12-26
魅蓝 E,QY（电信版）,出厂系统,Flyme 5.2.3.1QY,5b00e1cbea9c91241611298eaa36b48c,http://firmware.meizu.com/Firmware/Flyme/M1_E/5.2.3.1/tel/20160922193608/aa36b48c/update.zip,1230MB,2016-09-28
MX6,A（公开版）,稳定版 推荐,Flyme 8.0.0.0A,beff46a01c5ba05b07bb87b57d5d9960,https://firmware.meizu.com/Firmware/Flyme/MX6/8.0.0.0/cn/20191201013113/7d5d9960/update.zip,1733MB,2019-12-06
MX6,A（公开版）,体验版,Flyme 7.8.7.24 beta,d2ac190540408baed8c6a2b2cccc41ba,https://firmware.meizu.com/Firmware/Flyme/MX6/7.8.7.24/cn_beta/20180719183031/cccc41ba/update.zip,1535MB,2018-07-24
MX6,A（公开版）,体验版,Flyme 7.8.7.10 beta,febb5fe3207c4674fc3f9f7c4a2bbcda,https://firmware.meizu.com/Firmware/Flyme/MX6/7.8.7.10/cn_beta/20180706171435/4a2bbcda/update.zip,1535MB,2018-07-10
MX6,A（公开版）,出厂系统,Flyme 5.2.2.6A,579077691003dbab9dd383ee7fd45be0,http://firmware.meizu.com/Firmware/Flyme/MX6/5.2.2.6A/cn_stable/20160927152705/7fd45be0/update.zip,1100MB,2016-10-12
MX6,M（移动定制）,稳定版 推荐,Flyme 6.3.0.2A,558f4570b051d50bd8fb50a05bcf90b6,https://firmware.meizu.com/Firmware/Flyme/MX6/6.3.0.2/cn/20180327132929/5bcf90b6/update.zip,1526MB,2018-03-30
MX6,M（移动定制）,出厂系统,Flyme 5.2.2.2M,2679361fd8f08df53a366f27bbb0fec8,http://firmware.meizu.com/Firmware/Flyme/MX6/5.2.2.2/cmcc/20170407094827/bbb0fec8/update.zip,1155MB,2017-04-20
MX6,U（联通版）,稳定版 推荐,Flyme 6.3.0.2A,558f4570b051d50bd8fb50a05bcf90b6,https://firmware.meizu.com/Firmware/Flyme/MX6/6.3.0.2/cn/20180327132929/5bcf90b6/update.zip,1526MB,2018-03-30
MX6,U（联通版）,出厂系统,Flyme 5.2.2.1U,97effd4ec71233282ba99f819e6fef06,http://firmware.meizu.com/Firmware/Flyme/MX6/5.2.2.1/wo/20160820104253/9e6fef06/update.zip,1100MB,2016-09-14
MX6,Q（电信版）,稳定版 推荐,Flyme 6.3.0.2A,558f4570b051d50bd8fb50a05bcf90b6,https://firmware.meizu.com/Firmware/Flyme/MX6/6.3.0.2/cn/20180327132929/5bcf90b6/update.zip,1526MB,2018-03-30
MX6,Q（电信版）,出厂系统,Flyme 5.2.2.2Q,4b26c190908d6ba17c86d3a34849df28,http://firmware.meizu.com/Firmware/Flyme/MX6/5.2.2.2/tel/20160912103501/4849df28/update.zip,1100MB,2016-09-14
魅蓝 3s,A（公开版）,稳定版 推荐,Flyme 6.3.0.3A,832e294d0d3a9c0353161f06e5606d3e,https://firmware.meizu.com/Firmware/Flyme/m3s/6.3.0.3/cn/20190315120857/e5606d3e/update.zip,1354MB,2019-03-22
魅蓝 3s,A（公开版）,体验版,Flyme 7.8.7.24 beta,9a3d58b2780b48edbbd846aae748b9ba,https://firmware.meizu.com/Firmware/Flyme/m3s/7.8.7.24/cn_beta/20180725093945/e748b9ba/update.zip,1466MB,2018-07-26
魅蓝 3s,A（公开版）,体验版,Flyme 6.8.1.19 beta,a569701cfaf73d8c0911d20071238716,https://firmware.meizu.com/Firmware/Flyme/m3s/6.8.1.19/cn_beta/20180119110344/71238716/update.zip,1338MB,2018-01-19
魅蓝 3s,A（公开版）,体验版,Flyme 6.7.8.22 beta,27750faa51586318bd24cd32a9f84afc,https://firmware.meizu.com/Firmware/Flyme/m3s/6.7.8.22/cn_beta/20170816145308/a9f84afc/update.zip,1267MB,2017-08-22
魅蓝 3s,A（公开版）,出厂系统,Flyme 5.1.5.5A,5314205ba72aee4ca0a98a4b249aed06,http://firmware.meizu.com/Firmware/Flyme/M3S/5.1.5.5/cn/20161002141748/249aed06/update.zip,1100MB,2016-10-13
魅蓝 3s,Q（电信版）,稳定版 推荐,Flyme 6.3.0.3A,832e294d0d3a9c0353161f06e5606d3e,https://firmware.meizu.com/Firmware/Flyme/m3s/6.3.0.3/cn/20190315120857/e5606d3e/update.zip,1354MB,2019-03-22
魅蓝 3s,Q（电信版）,出厂系统,Flyme 5.1.5.2Q,84fefcad40a8b1f48a1f27aa042ea712,http://firmware.meizu.com/Firmware/Flyme/M3S/5.1.5.2/tel/20160830172442/042ea712/update.zip,1120MB,2016-09-21
魅蓝 3s,M（移动定制）,稳定版 推荐,Flyme 6.3.0.3A,832e294d0d3a9c0353161f06e5606d3e,https://firmware.meizu.com/Firmware/Flyme/m3s/6.3.0.3/cn/20190315120857/e5606d3e/update.zip,1354MB,2019-03-22
魅蓝 3s,M（移动定制）,出厂系统,Flyme 5.1.0.1M,cf0716e9ae78bf98bab36591a58cf712,http://firmware.meizu.com/Firmware/Flyme/M3S/5.1.0.1/mobile/20160830172708/a58cf712/update.zip,1040MB,2016-09-07
魅蓝 3,A/Y（公开版）,稳定版 推荐,Flyme 6.3.0.3A,81607e816e7c9c4b569afeb0352c73d7,https://firmware.meizu.com/Firmware/Flyme/m3/6.3.0.3/cn/20190315141242/352c73d7/update.zip,1249MB,2019-03-22
魅蓝 3,A/Y（公开版）,体验版,Flyme 7.8.7.24 beta,a606275042e68d66f02f19abe8dbf479,https://firmware.meizu.com/Firmware/Flyme/m3/7.8.7.24/cn_beta/20180724155256/e8dbf479/update.zip,1351MB,2018-07-26
魅蓝 3,A/Y（公开版）,体验版,Flyme 6.8.1.22 beta,80002118611ae98c29e4d0ff4cc3d5c8,https://firmware.meizu.com/Firmware/Flyme/m3/6.8.1.22/cn_beta/20180122093933/4cc3d5c8/update.zip,1234MB,2018-01-22
魅蓝 3,A/Y（公开版）,体验版,Flyme 6.7.8.22 beta,64f157d5ee3bafc376fe8743f1f214a9,https://firmware.meizu.com/Firmware/Flyme/m3/6.7.8.22/cn_beta/20170816094610/f1f214a9/update.zip,1223MB,2017-08-22
魅蓝 3,A/Y（公开版）,出厂系统,Flyme 5.1.4.2Y,c5cb75030d79c8059b1759be3da9e4ea,http://download.meizu.com/Firmware/Flyme/M3/5.1.4.2/cn/20160623171402/3da9e4ea/update.zip,1100MB,2016-07-07
魅蓝 3,UY（联通版）,稳定版 推荐,Flyme 6.3.0.3A,81607e816e7c9c4b569afeb0352c73d7,https://firmware.meizu.com/Firmware/Flyme/m3/6.3.0.3/cn/20190315141242/352c73d7/update.zip,1249MB,2019-03-22
魅蓝 3,UY（联通版）,出厂系统,Flyme 5.1.4.2UY,55fa5d795959eb24e34adb412abb1f04,http://download.meizu.com/Firmware/Flyme/M3/5.1.4.2/wo/20160628025250/2abb1f04/update.zip,1178MB,2016-07-15
魅蓝 3,QY（电信版）,稳定版 推荐,Flyme 6.3.0.3A,81607e816e7c9c4b569afeb0352c73d7,https://firmware.meizu.com/Firmware/Flyme/m3/6.3.0.3/cn/20190315141242/352c73d7/update.zip,1249MB,2019-03-22
魅蓝 3,QY（电信版）,体验版,Flyme 5.6.9.13 beta,da949db764aa66a4698f0bc51264d1e6,http://firmware.meizu.com/Firmware/Flyme/m3/5.6.9.13/cn_beta/20160912120727/1264d1e6/update.zip,1100MB,2016-09-13
魅蓝 3,QY（电信版）,出厂系统,Flyme 5.1.4.2QY,fcf2a7668b7ad4f6d1b57ef3dcb552e3,http://download.meizu.com/Firmware/Flyme/M3/5.1.4.2/tel/20160625020028/dcb552e3/update.zip,1126MB,2016-07-15
魅蓝 3,MY（移动定制）,稳定版 推荐,Flyme 6.3.0.3A,81607e816e7c9c4b569afeb0352c73d7,https://firmware.meizu.com/Firmware/Flyme/m3/6.3.0.3/cn/20190315141242/352c73d7/update.zip,1249MB,2019-03-22
魅蓝 3,MY（移动定制）,出厂系统,Flyme 5.1.0.1MY,b743a6569fa7c0309b9391c1cbe49410,http://download.meizu.com/Firmware/Flyme/M3/5.1.0.1/mobile/20160813133206/cbe49410/update.zip,1157MB,2016-07-01
PRO 6,A（公开版）,稳定版 推荐,Flyme 8.0.0.0A,d3bb9ce3d7de40faaa585dc5ea8dc9b8,https://firmware.meizu.com/Firmware/Flyme/PRO_6/8.0.0.0/cn/20191202092531/ea8dc9b8/update.zip,1732MB,2019-12-06
PRO 6,A（公开版）,体验版,Flyme 7.8.7.24 beta,597d4b9fa2bcb33eb56d17e63e369d16,https://firmware.meizu.com/Firmware/Flyme/PRO_6/7.8.7.24/cn_beta/20180719165021/3e369d16/update.zip,1554MB,2018-07-24
PRO 6,A（公开版）,体验版,Flyme 7.8.7.10 beta,4b3e81a1681531bdd6b3ef1b5922ff63,https://firmware.meizu.com/Firmware/Flyme/PRO_6/7.8.7.10/cn_beta/20180706171455/5922ff63/update.zip,1554MB,2018-07-10
PRO 6,A（公开版）,出厂系统,Flyme 5.2.2.1A,c8f19a46d4cdd27efc9e7ef3c047ad1e,http://firmware.meizu.com/Firmware/Flyme/PRO_6/5.2.2.1A/cn_stable/20160901095421/c047ad1e/update.zip,1330MB,2016-09-01
PRO 6,C（移动版）,稳定版 推荐,Flyme 6.3.0.2A,a30323bbcc26470e39ceb1ef1038aeee,https://firmware.meizu.com/Firmware/Flyme/PRO_6/6.3.0.2/cn/20180327102019/1038aeee/update.zip,1514MB,2018-03-30
PRO 6,C（移动版）,出厂系统,Flyme 5.2.0.1M,642a7a53353b080bdc0ba226a63072c6,http://download.meizu.com/Firmware/Flyme/PRO_6/5.2.0.1/cmcc/20160707205833/a63072c6/update.zip,1085MB,2016-07-12
PRO 6,C（移动版）,出厂系统,Flyme 5.2.1.0C,ebcdb5aae8211312b039ad9a5771ec7a,http://download.meizu.com/Firmware/Flyme/PRO_6/5.2.1.0/pl/20160613152635/5771ec7a/update.zip,1100MB,2016-06-17
PRO 6,Q（电信版）,稳定版 推荐,Flyme 6.3.0.2A,a30323bbcc26470e39ceb1ef1038aeee,https://firmware.meizu.com/Firmware/Flyme/PRO_6/6.3.0.2/cn/20180327102019/1038aeee/update.zip,1514MB,2018-03-30
PRO 6,Q（电信版）,出厂系统,Flyme 5.2.1.0Q,f9308df04d1fdd5b9611e0e533c61a53,http://download.meizu.com/Firmware/Flyme/PRO_6/5.2.1.0/tel/20160613151839/33c61a53/update.zip,1100MB,2016-06-17
魅蓝 Note3,A（公开版）,稳定版 推荐,Flyme 6.3.0.3A,c98bbeb1c6eab1766bf82ee2fab15ff8,https://firmware.meizu.com/Firmware/Flyme/m3_note/6.3.0.3/cn/20190325170724/fab15ff8/update.zip,1435MB,2019-03-26
魅蓝 Note3,A（公开版）,稳定版 推荐,Flyme 6.1.0.0A,ec817e750a5e49353cd91b767a4d3142,http://firmware.meizu.com/Firmware/Flyme/m3_note/6.1.0.0/cn/20170527183502/7a4d3142/update.zip,1170MB,2017-05-31
魅蓝 Note3,A（公开版）,体验版,Flyme 7.8.6.25 beta,164b6ed9d1ea99421993b2d7929e1be2,https://firmware.meizu.com/Firmware/Flyme/m3_note/7.8.6.25/cn_beta/20180623011431/929e1be2/update.zip,1521MB,2018-06-25
魅蓝 Note3,A（公开版）,出厂系统,Flyme 5.1.6.2A,69b365b8f4e5a9a20cd0ad03c5700c95,http://download.meizu.com/Firmware/Flyme/m3_note/5.1.6.2/cn/20161108050231/c5700c95/update.zip,1030MB,2016-11-23
魅蓝 Note3,Q（电信版）,稳定版 推荐,Flyme 6.3.0.3A,c98bbeb1c6eab1766bf82ee2fab15ff8,https://firmware.meizu.com/Firmware/Flyme/m3_note/6.3.0.3/cn/20190325170724/fab15ff8/update.zip,1435MB,2019-03-26
魅蓝 Note3,Q（电信版）,出厂系统,Flyme 5.1.5.0Q,9ca9f7986931beb008272b11052e0418,http://firmware.meizu.com/Firmware/Flyme/m3_note/5.1.5.0/tel/20161027114504/052e0418/update.zip,1030MB,2016-11-10
魅蓝 Note3,Q（电信版）,体验版,Flyme 5.6.9.13 beta,8dbcd18da7abf03ac2834af3b97b0973,http://firmware.meizu.com/Firmware/Flyme/m3_note/5.6.9.13/cn_beta/20160912100836/b97b0973/update.zip,1020MB,2016-09-13
魅蓝 Note3,M（移动定制）,稳定版 推荐,Flyme 6.3.0.3M,9329eaa9f7d8343d46ce1ceaec45b0bc,https://firmware.meizu.com/Firmware/Flyme/m3_note/6.3.0.3/cmcc/20190320182827/ec45b0bc/update.zip,1129MB,2019-03-25
魅蓝 Note3,M（移动定制）,稳定版 推荐,Flyme 6.1.0.1M,7f9fce8640b3dda5c298122cb079b038,http://firmware.meizu.com/Firmware/Flyme/m3_note/6.1.0.1/cmcc/20170616093642/b079b038/update.zip,967MB,2017-06-16
魅蓝 Note3,M（移动定制）,出厂系统,Flyme 5.1.3.0M,fd7d07bc4f7df292a450fe80cc3e6508,http://download.meizu.com/Firmware/Flyme/m3_note/5.1.3.0/mobile/20160805235942/cc3e6508/update.zip,1054MB,2016-08-23
魅蓝 metal ,A/Y（公开版）,体验版,Flyme 7.8.7.24 beta,0404b06754dca309b1e645d4c7e886e7,https://firmware.meizu.com/Firmware/Flyme/m1_metal/7.8.7.24/cn_beta/20180725095348/c7e886e7/update.zip,1085MB,2018-07-26
魅蓝 metal ,A/Y（公开版）,体验版,Flyme 6.8.1.24 beta,936bd4643c21fd2846454b4fc10c15e9,https://firmware.meizu.com/Firmware/Flyme/m1_metal/6.8.1.24/cn_beta/20180124100125/c10c15e9/update.zip,1172MB,2018-01-24
魅蓝 metal ,A/Y（公开版）,体验版,Flyme 6.7.8.22 beta,97cfced5bfe1a7c4f589bdbab790b0ac,https://firmware.meizu.com/Firmware/Flyme/m1_metal/6.7.8.22/cn_beta/20170821100125/b790b0ac/update.zip,1128MB,2017-08-22
魅蓝 metal ,A/Y（公开版）,稳定版 推荐,Flyme 6.3.0.2A,50cc004f2fbd4de54a26d5c9e56805b2,https://firmware.meizu.com/Firmware/Flyme/m1_metal/6.3.0.2/cn/20180305154433/e56805b2/update.zip,1183MB,2018-03-07
魅蓝 metal ,A/Y（公开版）,出厂系统,Flyme 5.1.2.0Y,6712178cd803084c70c484e91f7288e8,http://download.meizu.com/Firmware/Flyme/m1_metal/5.1.2.0/cn/20151226042143/1f7288e8/update.zip,967MB,2015-12-29
魅蓝 metal ,UY（联通版）,稳定版 推荐,Flyme 6.3.0.2A,50cc004f2fbd4de54a26d5c9e56805b2,https://firmware.meizu.com/Firmware/Flyme/m1_metal/6.3.0.2/cn/20180305154433/e56805b2/update.zip,1183MB,2018-03-07
魅蓝 metal ,UY（联通版）,出厂系统,Flyme 5.1.2.0UY,951f983eeccc6c49a99730c18b6ef88e,http://download.meizu.com/Firmware/Flyme/m1_metal/5.1.2.0/wo/20151226052008/8b6ef88e/update.zip,998MB,2015-12-29
魅蓝 metal ,QY（电信版）,稳定版 推荐,Flyme 5.1.0.6QY,7138c271dd062ab35b6b41aff5667cb2,http://download.meizu.com/Firmware/Flyme/M57AC/5.1.0.6/QY/20160328204821/7yfe38ba/update.zip,1000MB,2016-04-07
PRO 5,A（公开版）,稳定版 推荐,Flyme 8.0.0.0A,f69a308cf9c75599734e046521077e82,https://firmware.meizu.com/Firmware/Flyme/PRO_5/8.0.0.0/cn/20191202020244/21077e82/update.zip,1512MB,2019-12-06
PRO 5,A（公开版）,体验版,Flyme 7.8.7.24 beta,211e874477404b1da04d9a38ef249efa,https://firmware.meizu.com/Firmware/Flyme/PRO_5/7.8.7.24/cn_beta/20180719162221/ef249efa/update.zip,1312MB,2018-07-24
PRO 5,A（公开版）,体验版,Flyme 7.8.7.10 beta,36c191fb4041a7e0cb98ac0ff71753a5,https://firmware.meizu.com/Firmware/Flyme/PRO_5/7.8.7.10/cn_beta/20180706180529/f71753a5/update.zip,1311MB,2018-07-10
PRO 5,A（公开版）,出厂系统,Flyme 5.1.2.0A,201243c2eef790025d8db36311efe558,http://download.meizu.com/Firmware/Flyme/PRO_5/5.1.2.0/cn/20151225111436/11efe558/update.zip,885MB,2015-12-29
PRO 5,U（联通版）,稳定版 推荐,Flyme 6.3.0.2A,736abd4e82f85cca9650fe8c6a9fae77,https://firmware.meizu.com/Firmware/Flyme/PRO_5/6.3.0.2/cn/20180328170230/6a9fae77/update.zip,1223MB,2018-04-12
PRO 5,U（联通版）,出厂系统,Flyme 5.1.1.0U,63301bececc0192f661150ce75ef7497,http://download.meizu.com/Firmware/Flyme/PRO_5/5.1.1.0/wo/20151127142219/75ef7497/update.zip,922MB,2015-12-17
魅蓝 2,A/Y（公开版）,稳定版 推荐,Flyme 6.3.0.3A,2dd0f8017b43a7afb42a94958cedc93c,https://firmware.meizu.com/Firmware/Flyme/m2/6.3.0.3/cn/20190306093057/8cedc93c/update.zip,1133MB,2019-03-13
魅蓝 2,A/Y（公开版）,体验版,Flyme 6.8.1.19 beta,73acfb6d926b2204f00cb5c0d0c33572,https://firmware.meizu.com/Firmware/Flyme/m2/6.8.1.19/cn_beta/20180119113907/d0c33572/update.zip,1118MB,2018-01-19
魅蓝 2,A/Y（公开版）,体验版,Flyme 6.7.8.22 beta,4fc313018464b1f00d19e20ebe4f6bee,https://firmware.meizu.com/Firmware/Flyme/m2/6.7.8.22/cn_beta/20170816145247/be4f6bee/update.zip,1100MB,2017-08-22
魅蓝 2,A/Y（公开版）,出厂系统,Flyme 4.5.4.1Y,f5958cb4fda01676768c69157b0bedaf,http://download.meizu.com/Firmware/Flyme/m2/4.5.4.1/pby/20151208195405/7b0bedaf/update.zip,894MB,2015-12-29
魅蓝 2,A/Y（公开版）,出厂系统,Flyme 4.5.4.2A,b1e2f2676eada4bd706a118feaf6f219,http://download.meizu.com/Firmware/Flyme/m2/4.5.4.2/cn/20151208190530/eaf6f219/update.zip,863MB,2015-12-22
魅蓝 2,Q/QY（电信版）,稳定版 推荐,Flyme 6.3.0.3Q,b9aae96f6161642961d54aad8b4fd942,https://firmware.meizu.com/Firmware/Flyme/m2/6.3.0.3/tel/20190306093236/8b4fd942/update.zip,1198MB,2019-03-13
魅蓝 2,Q/QY（电信版）,体验版,Flyme 6.8.1.19 beta,d8bf811558d987797190af31bdfcbfe4,https://firmware.meizu.com/Firmware/Flyme/m2/6.8.1.19/cn_beta/20180119125157/bdfcbfe4/update.zip,1183MB,2018-01-19
魅蓝 2,Q/QY（电信版）,体验版,Flyme 6.7.8.22 beta,342c483b9b8eb031531560b8bbd29ee1,https://firmware.meizu.com/Firmware/Flyme/m2/6.7.8.22/cn_beta/20170816145241/bbd29ee1/update.zip,1165MB,2017-08-22
魅蓝 2,Q/QY（电信版）,出厂系统,Flyme 4.5.4.1Q,01f1733a82fcfe88642ce6332b7821c0,http://download.meizu.com/Firmware/Flyme/m2/4.5.4.1/tel/20151208190833/2b7821c0/update.zip,924MB,2015-12-25
魅蓝 2,Q/QY（电信版）,出厂系统,Flyme 4.5.4.1QY,df60e43a4615db232e46fc00c0202e50,http://download.meizu.com/Firmware/Flyme/m2/4.5.4.1/pbytel/20151126112226/c0202e50/update.zip,960MB,2015-12-16
魅蓝 2,MY（移动定制）,稳定版 推荐,Flyme 6.3.0.3A,2dd0f8017b43a7afb42a94958cedc93c,https://firmware.meizu.com/Firmware/Flyme/m2/6.3.0.3/cn/20190306093057/8cedc93c/update.zip,1133MB,2019-03-13
魅蓝 2,MY（移动定制）,出厂系统,Flyme 4.5.4MY,cedda299314d6269a771a3e8c42d86a9,http://download.meizu.com/Firmware/Flyme/m2/4.5.4/pbyg3/20151116103542/c42d86a9/update.zip,946MB,2015-12-16
魅蓝 2,U（联通版）,稳定版 推荐,Flyme 6.3.0.3A,2dd0f8017b43a7afb42a94958cedc93c,https://firmware.meizu.com/Firmware/Flyme/m2/6.3.0.3/cn/20190306093057/8cedc93c/update.zip,1133MB,2019-03-13
魅蓝 2,U（联通版）,出厂系统,Flyme 4.5.4.2U,6fc9ce376ac33444db49424c76bce74c,http://download.meizu.com/Firmware/Flyme/m2/4.5.4.2/wo/20151208190559/76bce74c/update.zip,886MB,2015-12-22
魅蓝 2,C（移动版）,稳定版 推荐,Flyme 6.3.0.3A,2dd0f8017b43a7afb42a94958cedc93c,https://firmware.meizu.com/Firmware/Flyme/m2/6.3.0.3/cn/20190306093057/8cedc93c/update.zip,1133MB,2019-03-13
魅蓝 2,C（移动版）,出厂系统,Flyme 4.5.3.2C,57c31e104f05c03e26f3665c9b39942f,http://download.meizu.com/Firmware/Flyme/m2/4.5.3.2/pl/20150910150013/9b39942f/update.zip,880MB,2015-09-16
MX5,A（公开版）,体验版,Flyme 7.8.7.24 beta,72e6a343077d98a96a9ce541a1dde06d,https://firmware.meizu.com/Firmware/Flyme/MX5/7.8.7.24/cn_beta/20180724155124/a1dde06d/update.zip,1062MB,2018-07-26
MX5,A（公开版）,体验版,Flyme 6.8.1.23 beta,771c3b67908395eda936ebe93bc0be69,https://firmware.meizu.com/Firmware/Flyme/MX5/6.8.1.23/cn_beta/20180122163049/3bc0be69/update.zip,1173MB,2018-01-23
MX5,A（公开版）,体验版,Flyme 6.7.8.22 beta,8cb850a6e0c07432a1ecea409e96c96b,https://firmware.meizu.com/Firmware/Flyme/MX5/6.7.8.22/cn_beta/20170816094816/9e96c96b/update.zip,1159MB,2017-08-22
MX5,A（公开版）,稳定版 推荐,Flyme 6.3.0.2A,5013c454911173db3461cf15c9400d4f,https://firmware.meizu.com/Firmware/Flyme/MX5/6.3.0.2/cn/20180305154117/c9400d4f/update.zip,1184MB,2018-03-07
MX5,A（公开版）,稳定版 推荐,Flyme 6.3.0.0A,fac077ddb7fa27ba1a2ba81840961b1a,https://firmware.meizu.com/Firmware/Flyme/MX5/6.3.0.0/cn/20180129144322/40961b1a/update.zip,1141MB,2018-01-30
MX5,A（公开版）,出厂系统,Flyme 5.1.2.0A,593860e4b978a55698dc73e2d81214d7,http://download.meizu.com/Firmware/Flyme/MX5/5.1.2.0/cn/20151225160403/d81214d7/update.zip,971MB,2015-12-29
MX5,U（联通版）,稳定版 推荐,Flyme 6.3.0.2A,5013c454911173db3461cf15c9400d4f,https://firmware.meizu.com/Firmware/Flyme/MX5/6.3.0.2/cn/20180305154117/c9400d4f/update.zip,1184MB,2018-03-07
MX5,U（联通版）,出厂系统,Flyme 5.1.2.0U,40fe266cc1dda79aeb5c81f96f15d146,http://download.meizu.com/Firmware/Flyme/MX5/5.1.2.0/wo/20151225144807/6f15d146/update.zip,998MB,2015-12-29
MX5,C（移动版）,稳定版 推荐,Flyme 6.3.0.2A,5013c454911173db3461cf15c9400d4f,https://firmware.meizu.com/Firmware/Flyme/MX5/6.3.0.2/cn/20180305154117/c9400d4f/update.zip,1184MB,2018-03-07
MX5,C（移动版）,出厂系统,Flyme 4.5.2.4C,af1c573e52c7d1633be55e4df144e93c,http://download.meizu.com/Firmware/Flyme/MX5/4.5.2.4/pl/20150727184935/f144e93c/update.zip,870MB,2015-07-30
魅蓝 note2,A（公开版）,稳定版 推荐,Flyme 6.3.0.3A,3c42eac12b72017c0d85fa87411805d9,https://firmware.meizu.com/Firmware/Flyme/m2_note/6.3.0.3/cn/20190306093521/411805d9/update.zip,1163MB,2019-03-13
魅蓝 note2,A（公开版）,体验版,Flyme 7.8.7.24 beta,6a2611fba02b5fa18a6ea530e18d06f5,https://firmware.meizu.com/Firmware/Flyme/m2_note/7.8.7.24/cn_beta/20180724155411/e18d06f5/update.zip,1064MB,2018-07-26
魅蓝 note2,A（公开版）,体验版,Flyme 6.8.1.22 beta,4bd01d22b7e3ee4a221b2f0cc0e0e585,https://firmware.meizu.com/Firmware/Flyme/m2_note/6.8.1.22/cn_beta/20180122095838/c0e0e585/update.zip,1149MB,2018-01-22
魅蓝 note2,A（公开版）,体验版,Flyme 6.7.8.22 beta,a5a1eba4cf812de58da44f54f6bcb141,https://firmware.meizu.com/Firmware/Flyme/m2_note/6.7.8.22/cn_beta/20170816094836/f6bcb141/update.zip,1130MB,2017-08-22
魅蓝 note2,A（公开版）,出厂系统,Flyme 4.5.4.2A,e875b4c4ee01a89dbbdccea587c77493,http://download.meizu.com/Firmware/Flyme/m2_note/4.5.4.2/cn/20151209181755/87c77493/update.zip,888MB,2015-12-15
魅蓝 note2,Q（电信版）,稳定版 推荐,Flyme 6.3.0.3Q,627d03778d066227becab3f585af5d89,https://firmware.meizu.com/Firmware/Flyme/m2c_note/6.3.0.3/tel/20190625124312/85af5d89/update.zip,1183MB,2019-06-27
魅蓝 note2,Q（电信版）,体验版,Flyme 7.8.7.24 beta,a4ba554fe2e641eae9e553a313aeb6da,https://firmware.meizu.com/Firmware/Flyme/m2c_note/7.8.7.24/cn_beta/20180725105902/13aeb6da/update.zip,1296MB,2018-07-26
魅蓝 note2,Q（电信版）,体验版,Flyme 6.8.1.22 beta,ad82480eb1f5190c26f8ad0b6ed7db23,https://firmware.meizu.com/Firmware/Flyme/m2c_note/6.8.1.22/cn_beta/20180122095856/6ed7db23/update.zip,1168MB,2018-01-22
魅蓝 note2,Q（电信版）,体验版,Flyme 6.7.8.22 beta,ca7ff2e4bd8a43251d249484fe2c964a,https://firmware.meizu.com/Firmware/Flyme/m2c_note/6.7.8.22/cn_beta/20170816094851/fe2c964a/update.zip,1155MB,2017-08-22
魅蓝 note2,Q（电信版）,出厂系统,Flyme 4.5.0.5Q,9e68e33369f44d28b477ca0ba02986c4,http://download.meizu.com/Firmware/Flyme/m2c_note/4.5.0.5Q/tel/20151211144646/a02986c4/update.zip,953MB,2015-12-24
魅蓝 note2,U（联通版）,稳定版 推荐,Flyme 6.3.0.3A,3c42eac12b72017c0d85fa87411805d9,https://firmware.meizu.com/Firmware/Flyme/m2_note/6.3.0.3/cn/20190306093521/411805d9/update.zip,1163MB,2019-03-13
魅蓝 note2,U（联通版）,出厂系统,Flyme 4.5.4.2U,85b20407e9a0a3be4f1391dae73209d9,http://download.meizu.com/Firmware/Flyme/m2_note/4.5.4.2/wo/20151210092921/e73209d9/update.zip,915MB,2015-12-15
魅蓝 note2,M（移动定制）,稳定版 推荐,Flyme 6.3.0.3A,3c42eac12b72017c0d85fa87411805d9,https://firmware.meizu.com/Firmware/Flyme/m2_note/6.3.0.3/cn/20190306093521/411805d9/update.zip,1163MB,2019-03-13
魅蓝 note2,M（移动定制）,出厂系统,Flyme 4.5M,aea7898f47302f5714dc56e567ed417d,http://download.meizu.com/Firmware/Flyme/m2_note/4.5.4.2/cmcc/20151210144451/67ed417d/update.zip,921MB,2015-12-15
魅蓝,Y（公开版）,稳定版 推荐,Flyme 4.2.1.3Y,430d6c09095b736cf064af9e85a9dc67,http://download.meizu.com/Firmware/Flyme/m1/4.2.1.3/ali/20150914203632/85a9dc67/update.zip,798MB,2015-09-18
魅蓝,C（移动版）,稳定版 推荐,Flyme 4.2.1.3C,1c9f4aa3fe2ffb215d997e1b93ac40c8,http://download.meizu.com/Firmware/Flyme/m1/4.2.1.3/pl/20150914160905/93ac40c8/update.zip,779MB,2015-09-18
魅蓝 note,A（公开版）,稳定版 推荐,Flyme 6.3.0.2A,4d6fce9612fd7818849ad3c218e0dad4,https://firmware.meizu.com/Firmware/Flyme/m1_note/6.3.0.2/cn/20180305153745/18e0dad4/update.zip,1162MB,2018-03-07
魅蓝 note,A（公开版）,体验版,Flyme 6.8.1.19 beta,41fe23962fac47793afc85c617793f75,https://firmware.meizu.com/Firmware/Flyme/m1_note/6.8.1.19/cn_beta/20180119110231/17793f75/update.zip,1147MB,2018-01-19
魅蓝 note,A（公开版）,体验版,Flyme 6.7.8.22 beta,3d85f918ab9a9cdfc6005282118951b9,https://firmware.meizu.com/Firmware/Flyme/m1_note/6.7.8.22/cn_beta/20170816094916/118951b9/update.zip,1134MB,2017-08-22
魅蓝 note,A（公开版）,出厂系统,Flyme 4.2.0.5A,0badb66898fc2d7a7e95dcd0f7518a62,http://download.meizu.com/Firmware/Flyme/m1_note/4.2.0.5/cn/20150413200358/f7518a62/update.zip,751MB,2015-04-21
魅蓝 note,M（移动定制）,稳定版 推荐,Flyme 6.3.0.2A,4d6fce9612fd7818849ad3c218e0dad4,https://firmware.meizu.com/Firmware/Flyme/m1_note/6.3.0.2/cn/20180305153745/18e0dad4/update.zip,1162MB,2018-03-07
魅蓝 note,M（移动定制）,出厂系统,Flyme 4.2M,48c6088e6eca935f14c0bc6c61746475,http://download.meizu.com/Firmware/Flyme/m1_note/4.2/cmcc/20150507154711/61746475/update.zip,859MB,2015-05-08
魅蓝 note,Q（电信版）,稳定版 推荐,Flyme 4.2.0.5Q,b37a0dcde42689cdc93a88404e66da28,http://download.meizu.com/Firmware/Flyme/m1c_note/4.2.0.5/cn/201601051653/4e66da28/update.zip,881MB,2016-01-12
魅蓝 note,Q（电信版）,稳定版 推荐,Flyme 4.2.0.3Q,965d497875a840f4a2c1754591e49fed,http://download.meizu.com/Firmware/Flyme/m1c_note/4.2.0.3/cn/201505021030/91e49fed/update.zip,849MB,2015-05-12
魅蓝 note,U（联通版）,稳定版 推荐,Flyme 6.3.0.2A,4d6fce9612fd7818849ad3c218e0dad4,https://firmware.meizu.com/Firmware/Flyme/m1_note/6.3.0.2/cn/20180305153745/18e0dad4/update.zip,1162MB,2018-03-07
魅蓝 note,U（联通版）,出厂系统,Flyme 4.2.0.5U,5b86735480c956bc5672ef434c72cb1a,http://download.meizu.com/Firmware/Flyme/m1_note/4.2.0.5/wo/20150413200401/4c72cb1a/update.zip,786MB,2015-04-21
魅蓝 note,C（移动版）,稳定版 推荐,Flyme 6.3.0.2A,4d6fce9612fd7818849ad3c218e0dad4,https://firmware.meizu.com/Firmware/Flyme/m1_note/6.3.0.2/cn/20180305153745/18e0dad4/update.zip,1162MB,2018-03-07
魅蓝 note,C（移动版）,出厂系统,Flyme 4.2.0.5C,d029a2400e28b40bc01edea249438f29,http://download.meizu.com/Firmware/Flyme/m1_note/4.2.0.5/pl/20150413200427/49438f29/update.zip,737MB,2015-04-21
MX4 Pro,A（公开版）,稳定版 推荐,Flyme 6.3.0.2A,201ad5c26e7fa3dd26cf87c5d16e5a4f,https://firmware.meizu.com/Firmware/Flyme/MX4_Pro/6.3.0.2/cn/20180305163656/d16e5a4f/update.zip,1054MB,2018-03-07
MX4 Pro,A（公开版）,体验版,Flyme 6.8.1.25 beta,64434032ad87ccfffa9dab62352aa4a9,https://firmware.meizu.com/Firmware/Flyme/MX4_Pro/6.8.1.25/cn_beta/20180124172344/352aa4a9/update.zip,1044MB,2018-01-25
MX4 Pro,A（公开版）,体验版,Flyme 6.7.8.22 beta,71be43296b19e478003ebb02876e1abf,https://firmware.meizu.com/Firmware/Flyme/MX4_Pro/6.7.8.22/cn_beta/20170816094931/876e1abf/update.zip,1027MB,2017-08-22
MX4 Pro,A（公开版）,出厂系统,Flyme 4.2.8.2A,ea1d5bb6970427954be03d496df88ee9,http://download.meizu.com/Firmware/Flyme/MX4_Pro/4.2.8.2/cn/20150422223059/6df88ee9/update.zip,707MB,2015-04-28
MX4 Pro,U（联通版）,稳定版 推荐,Flyme 6.3.0.2A,201ad5c26e7fa3dd26cf87c5d16e5a4f,https://firmware.meizu.com/Firmware/Flyme/MX4_Pro/6.3.0.2/cn/20180305163656/d16e5a4f/update.zip,1054MB,2018-03-07
MX4 Pro,U（联通版）,出厂系统,Flyme 4.2.8.2U,ae9ab2fa70f2c4d1fed43ad011cbcf45,http://download.meizu.com/Firmware/Flyme/MX4_Pro/4.2.8.2/wo/20150423093940/11cbcf45/update.zip,737MB,2015-04-28
MX4 Pro,C（移动版）,稳定版 推荐,Flyme 6.3.0.2A,201ad5c26e7fa3dd26cf87c5d16e5a4f,https://firmware.meizu.com/Firmware/Flyme/MX4_Pro/6.3.0.2/cn/20180305163656/d16e5a4f/update.zip,1054MB,2018-03-07
MX4 Pro,C（移动版）,出厂系统,Flyme 4.2.8.2C,eabe29dfb31e1e1b343f7c6ee5e42f60,http://download.meizu.com/Firmware/Flyme/MX4_Pro/4.2.8.2/pl/20150423030715/e5e42f60/update.zip,707MB,2015-04-28
MX4,A（公开版）,稳定版 推荐,Flyme 6.3.0.2A,ea92f7c704953780419fc1dbe1d8ab22,https://firmware.meizu.com/Firmware/Flyme/MX4/6.3.0.2/cn/20180305154001/e1d8ab22/update.zip,1066MB,2018-03-07
MX4,A（公开版）,体验版,Flyme 6.8.1.23 beta,6bf60afef6b6e96fdc7d675e221fe386,https://firmware.meizu.com/Firmware/Flyme/MX4/6.8.1.23/cn_beta/20180122110533/221fe386/update.zip,1051MB,2018-01-23
MX4,A（公开版）,体验版,Flyme 6.7.8.22 beta,fe04aee361eb0ea7c4ccdba8f11dffc1,https://firmware.meizu.com/Firmware/Flyme/MX4/6.7.8.22/cn_beta/20170816094957/f11dffc1/update.zip,1042MB,2017-08-22
MX4,A（公开版）,出厂系统,Flyme 4.2.8.2A,d52d9ccb8cc94869aaf42dff09eb1341,http://download.meizu.com/Firmware/Flyme/MX4/4.2.8.2/cn/20150422020016/09eb1341/update.zip,777MB,2015-04-28
MX4,Y（公开版）,稳定版 推荐,Flyme 4.5.7Y,4ec9a1e56fe84ea3d8d8e48140652db2,http://download.meizu.com/Firmware/Flyme/MX4/4.5.7/ali/20151020193515/40652db2/update.zip,797MB,2015-10-27
MX4,Y（公开版）,体验版,Flyme 4.5.3.1Y,e2e6f2cbd15c63f6ec628507a7faa06e,http://download.meizu.com/Firmware/Flyme/MX4/4.5.3.1/ali/20150627040439/a7faa06e/update.zip,845MB,2015-06-30
MX4,Y（公开版）,体验版,Flyme 4.2.8Y,b47993033f64781e5fcf556b07a864dc,http://download.meizu.com/Firmware/Flyme/MX4/4.2.8/ali/20150331125212/07a864dc/update.zip,799MB,2015-04-07
MX4,Y（公开版）,出厂系统,Flyme 4.2.8.2Y,0b4f8405d2a3b7a603fa73a73b54b0b6,http://download.meizu.com/Firmware/Flyme/MX4/4.2.8.2/ali/20150423172506/3b54b0b6/update.zip,799MB,2015-04-28
MX4,U（联通版）,稳定版 推荐,Flyme 6.3.0.2A,ea92f7c704953780419fc1dbe1d8ab22,https://firmware.meizu.com/Firmware/Flyme/MX4/6.3.0.2/cn/20180305154001/e1d8ab22/update.zip,1066MB,2018-03-07
MX4,U（联通版）,出厂系统,Flyme 4.2.8.2U,f140239b02f7a3ead381918024fd9b88,http://download.meizu.com/Firmware/Flyme/MX4/4.2.8.2/wo/20150422020929/24fd9b88/update.zip,792MB,2015-04-28
MX4,C（移动版）,稳定版 推荐,Flyme 6.3.0.2A,ea92f7c704953780419fc1dbe1d8ab22,https://firmware.meizu.com/Firmware/Flyme/MX4/6.3.0.2/cn/20180305154001/e1d8ab22/update.zip,1066MB,2018-03-07
MX4,C（移动版）,出厂系统,Flyme 4.2.8.2C,eb0fae5eb64a99e99edb6bdac7169193,http://download.meizu.com/Firmware/Flyme/MX4/4.2.8.2/pl/20150422031106/c7169193/update.zip,777MB,2015-04-28
MX3,A（公开版）,稳定版 推荐,Flyme 5.1.9.0A,81a3733f1ff22a36d45a0dafaf25d830,http://firmware.meizu.com/Firmware/Flyme/MX3/5.1.9.0A/cn_beta/20160928175253/af25d830/update.bin,854MB,2016-09-30
MX3,A（公开版）,稳定版 推荐,Flyme 4.5.7.1A,6aacd7af2ef282390498ffde4c9fcd72,http://download.meizu.com/Firmware/Flyme/MX3/4.5.7.1/cn/20151221181342/4c9fcd72/update.bin,672MB,2015-12-23
MX3,A（公开版）,稳定版 推荐,Flyme 4.2.8.2A,6897bfbd5fbaa875b456d263eb2bf460,http://download.meizu.com/Firmware/Flyme/MX3/4.2.8.2/cn/20150422040832/eb2bf460/update.bin,641MB,2015-04-28
MX3,A（公开版）,稳定版 推荐,Flyme 3.7.3A,b35c90fb2e52f78bc419a122812e0f60,http://download.meizu.com/Firmware/Flyme/MX3/3.7.3/cn/20140909113158/812e0f60/update.bin,409MB,2014-09-09
MX3,A（公开版）,体验版,Flyme 5.6.9.14 beta,28834847964185d785c58f1fd2d0c464,http://firmware.meizu.com/Firmware/Flyme/MX3/5.6.9.14/cn_beta/20160913094830/d2d0c464/update.bin,842MB,2016-09-14
MX3,A（公开版）,体验版,Flyme 3.8.5A,f1e3a75b000a2cb75ba6999c6aa68900,http://download.meizu.com/Firmware/Flyme/MX3/3.8.5/cn/20141020172429/6aa68900/update.bin,427MB,2014-10-21
MX2,A（公开版）,稳定版 推荐,Flyme 4.5.7.1A,bfa842c30ee185e815f7b041fbb07546,http://download.meizu.com/Firmware/Flyme/MX2/4.5.7.1/cn/20151221183206/fbb07546/update.bin,617MB,2015-12-23
MX2,A（公开版）,稳定版 推荐,Flyme 4.5.7A,6908d0b4d877fb4a81370f50df1aad05,http://download.meizu.com/Firmware/Flyme/MX2/4.5.7/cn/20151021090108/df1aad05/update.bin,617MB,2015-10-27
MX2,A（公开版）,稳定版 推荐,Flyme 4.2.8.2A,606eea1cdf4bbf6a3b7639e226a1e3e5,http://download.meizu.com/Firmware/Flyme/MX2/4.2.8.2/cn/20150422051517/26a1e3e5/update.bin,587MB,2015-04-28
MX2,A（公开版）,稳定版 推荐,Flyme 4.1.3.5A,deea2eb365c19b325d37391c9907759e,http://download.meizu.com/Firmware/Flyme/MX2/4.1.3.5/cn/20150111042143/9907759e/update.bin,563MB,2015-01-13
MX2,A（公开版）,稳定版 推荐,Flyme 3.7.3A,7474a0569a14fab4af74179b65477db8,http://download.meizu.com/Firmware/Flyme/MX2/3.7.3/cn/20140909121344/65477db8/update.bin,381MB,2014-09-09
MX2,A（公开版）,稳定版 推荐,Flyme 2.5.2,81dacbd701703acc30710732e8d0afeb,http://download.meizu.com/Firmware/Flyme/MX2/2.5.2/cn/12328/e8d0afeb/update.bin,202MB,2014-05-08
MX2,A（公开版）,体验版,Flyme 4.5.5A,6fcc72ccce5e8f506b08637df6772265,http://download.meizu.com/Firmware/Flyme/MX2/4.5.5/cn/20150829091101/f6772265/update.bin,627MB,2015-09-01
MX2,A（公开版）,体验版,Flyme 4.2.8.1A,e517829a605ee39a2f16e311e40e0e3f,http://download.meizu.com/Firmware/Flyme/MX2/4.2.8.1/cn/20150411054758/e40e0e3f/update.bin,587MB,2015-04-14
MX2,A（公开版）,体验版,Flyme 3.8.5A,0d390bed27fdf07d17469fce3069fe13,http://download.meizu.com/Firmware/Flyme/MX2/3.8.5/cn/20141020181533/3069fe13/update.bin,396MB,2014-10-21
MX,A（公开版）,体验版,Flyme 2.5.3A,2fb619a4480db25c439b792cb9584fc7,http://download.meizu.com/Firmware/Flyme/MX/2.5.3/cn/12331/b9584fc7/update.bin,170MB,2014-05-18
MX,A（公开版）,体验版,Flyme 2.5A,7ff02209bf7231ef16979111f784cc71,http://download.meizu.com/Firmware/Flyme/MX/2.5/cn/12322/f784cc71/update.bin,170MB,2014-01-24
MX,A（公开版）,稳定版 推荐, Flyme 1.1.8,5ade4ca351b161e9152a92248ca0343a,http://download.meizu.com/Firmware/Flyme/1.1.8_9908/8ca0343a/MX/update.bin,117MB,2013-02-23
M9,A（公开版）,稳定版 推荐,Flyme 1.1.3,,http://download.meizu.com/Firmware/Flyme/1.1.3_9847/7991384b/M9/update.bin,96MB,2012-10-24
M8,A（公开版）,稳定版 推荐,V0.9.9.23,,http://download.meizu.com/Firmware/M8/xip_0.9.9.23.zip,76MB,2012-07-12
