Phone,Device,Type,Version,RomUrl,Size
Mi 10T/Pro/Lite,Mi 10T/Pro RU,stable_rom,V12.5.3.0.RJDRUXM (MIUI12),https://bigota.d.miui.com/V12.5.3.0.RJDRUXM/miui_APOLLORUGlobal_V12.5.3.0.RJDRUXM_161f1a7c24_11.0.zip,3.1G
Mi 10T/Pro/Lite,Mi 10T/Pro EEA,stable_rom,V12.5.12.0.RJDEUXM (MIUI12),https://bigota.d.miui.com/V12.5.12.0.RJDEUXM/miui_APOLLOEEAGlobal_V12.5.12.0.RJDEUXM_cb0759a1f7_11.0.zip,3.0G
Mi 10T/Pro/Lite,Mi 10T/Pro India,stable_rom,V12.5.4.0.RJDINXM (MIUI12),https://bigota.d.miui.com/V12.5.4.0.RJDINXM/miui_APOLLOINGlobal_V12.5.4.0.RJDINXM_37b2ddd662_11.0.zip,3.0G
Mi 10T/Pro/Lite,Mi 10T/Pro Global,stable_rom,V12.5.10.0.RJDMIXM (MIUI12),https://bigota.d.miui.com/V12.5.10.0.RJDMIXM/miui_APOLLOGlobal_V12.5.10.0.RJDMIXM_5558770e78_11.0.zip,3.0G
Mi 10T/Pro/Lite,Mi 10T Lite TW,stable_rom,version自定义文案 (MIUI12),https://bigota.d.miui.com/V13.0.1.0.SJSTWXM/miui_GAUGUINTWGlobal_V13.0.1.0.SJSTWXM_1dc056f935_12.0.zip,3.0G
Mi 10T/Pro/Lite,Mi 10T/Pro TW,stable_rom,version自定义文案 (MIUI12),https://bigota.d.miui.com/V12.5.3.0.RJDTWXM/miui_APOLLOTWGlobal_V12.5.3.0.RJDTWXM_0f52901bcb_11.0.zip,3.0G
Mi 10T/Pro/Lite,Mi 10T/Pro TR,stable_rom,version自定义文案 (MIUI12),https://bigota.d.miui.com/V12.5.2.0.RJDTRXM/miui_APOLLOTRGlobal_V12.5.2.0.RJDTRXM_58362e8c25_11.0.zip,3.1G
POCO X3 NFC,POCO X3 NFC ID,stable_rom,V12.5.4.0.RJGIDXM (MIUI11),https://bigota.d.miui.com/V12.5.4.0.RJGIDXM/miui_SURYAIDGlobal_V12.5.4.0.RJGIDXM_d09c2d9968_11.0.zip,2.5G
POCO X3 NFC,POCO X3 NFC Global,stable_rom,V12.5.5.0.RJGMIXM (MIUI11),https://bigota.d.miui.com/V12.5.5.0.RJGMIXM/miui_SURYAGlobal_V12.5.5.0.RJGMIXM_450cc10088_11.0.zip,2.5G
POCO X3 NFC,POCO X3 NFC India,stable_rom,V12.5.5.0.RJGINXM (MIUI11),https://bigota.d.miui.com/V12.5.5.0.RJGINXM/miui_SURYAINGlobal_V12.5.5.0.RJGINXM_c7c5b07ee3_11.0.zip,2.5G
POCO X3 NFC,POCO X3 NFC RU,stable_rom,V12.5.4.0.RJGRUXM (MIUI11),https://bigota.d.miui.com/V12.5.4.0.RJGRUXM/miui_SURYARUGlobal_V12.5.4.0.RJGRUXM_4a663c6fb6_11.0.zip,2.5G
POCO X3 NFC,POCO X3 NFC EEA,stable_rom,V12.5.7.0.RJGEUXM (MIUI11),https://bigota.d.miui.com/V12.5.7.0.RJGEUXM/miui_SURYAEEAGlobal_V12.5.7.0.RJGEUXM_e89a98a56f_11.0.zip,2.5G
POCO X2,POCO X2 India,stable_rom,V12.0.2.0.QGHINXM (MIUI12),https://bigota.d.miui.com/V12.0.2.0.QGHINXM/miui_PHOENIXININGlobal_V12.0.2.0.QGHINXM_39fa49d8fc_10.0.zip,2.3G
POCO M2 Pro,POCO M2 Pro IN,stable_rom,V12.5.3.0.RJPINXM (MIUI11),https://bigota.d.miui.com/V12.5.3.0.RJPINXM/miui_GRAMINGlobal_V12.5.3.0.RJPINXM_ce7a408f53_11.0.zip,2.4G
Redmi 9/9A/9C/9C NFC/9T,Redmi 9C Global,stable_rom,V12.0.21.0.QCRMIXM (MIUI12),https://bigota.d.miui.com/V12.0.21.0.QCRMIXM/miui_ANGELICAGlobal_V12.0.21.0.QCRMIXM_597ab4f587_10.0.zip,1.7G
Redmi 9/9A/9C/9C NFC/9T,Redmi 9T EEA,stable_rom,V12.5.7.0.RJQEUXM (),https://bigota.d.miui.com/V12.5.7.0.RJQEUXM/miui_LIMEEEAGlobal_V12.5.7.0.RJQEUXM_84b48410bf_11.0.zip,2.6G
Redmi 9/9A/9C/9C NFC/9T,Redmi 9 TR,stable_rom,version自定义文案 (),https://bigota.d.miui.com/V12.5.3.0.RJCTRXM/miui_LANCELOTTRGlobal_V12.5.3.0.RJCTRXM_9b55e2a503_11.0.zip,2.3G
Redmi 9/9A/9C/9C NFC/9T,Redmi 9A TR,stable_rom,version自定义文案 (),https://bigota.d.miui.com/V12.0.7.0.QCDTRXM/miui_DANDELIONTRGlobal_V12.0.7.0.QCDTRXM_ad8a53cefe_10.0.zip,1.7G
Redmi 9/9A/9C/9C NFC/9T,Redmi 9C TR,stable_rom,version自定义文案 (),https://bigota.d.miui.com/V12.0.11.0.QCRTRXM/miui_ANGELICATRGlobal_V12.0.11.0.QCRTRXM_c7ae365324_10.0.zip,1.7G
Redmi 9/9A/9C/9C NFC/9T,Redmi 9T TR,stable_rom,version自定义文案 (),https://bigota.d.miui.com/V12.5.4.0.RJQTRXM/miui_LIMETRGlobal_V12.5.4.0.RJQTRXM_5f7c271c67_11.0.zip,2.6G
Redmi 9/9A/9C/9C NFC/9T,Redmi 9T RU,stable_rom,version自定义文案 (),https://bigota.d.miui.com/V12.5.5.0.RJQRUXM/miui_LIMERUGlobal_V12.5.5.0.RJQRUXM_72844e41bc_11.0.zip,2.6G
Redmi 9/9A/9C/9C NFC/9T,Redmi 9T TW,stable_rom,version自定义文案 (),https://bigota.d.miui.com/V12.5.3.0.RJQTWXM/miui_LIMETWGlobal_V12.5.3.0.RJQTWXM_17bb724daf_11.0.zip,2.5G
Redmi 9/9A/9C/9C NFC/9T,Redmi 9 India,stable_rom,MIUI11 (MIUI11),https://bigota.d.miui.com/V12.0.16.0.QCTINXM/miui_CATTAILINGlobal_V12.0.16.0.QCTINXM_0f8922a4aa_10.0.zip,1.7G
Redmi 9/9A/9C/9C NFC/9T,Redmi 9C NFC EEA,stable_rom,V12.0.12.0.QCSEUXM (MIUI12),https://bigota.d.miui.com/V12.0.12.0.QCSEUXM/miui_ANGELICANEEAGlobal_V12.0.12.0.QCSEUXM_f362ef2cce_10.0.zip,1.7G
Redmi 9/9A/9C/9C NFC/9T,Redmi 9C NFC RU,stable_rom,V12.0.13.0.QCSRUXM (MIUI12),https://bigota.d.miui.com/V12.0.13.0.QCSRUXM/miui_ANGELICANRUGlobal_V12.0.13.0.QCSRUXM_d03b1a7549_10.0.zip,1.7G
Redmi 9/9A/9C/9C NFC/9T,Redmi 9C NFC Global,stable_rom,V12.0.12.0.QCSMIXM (MIUI11),https://bigota.d.miui.com/V12.0.12.0.QCSMIXM/miui_ANGELICANGlobal_V12.0.12.0.QCSMIXM_fe40256a31_10.0.zip,1.7G
Redmi 9/9A/9C/9C NFC/9T,Redmi 9 ID,stable_rom,V12.5.3.0.RJCIDXM (MIUI12),https://bigota.d.miui.com/V12.5.3.0.RJCIDXM/miui_LANCELOTIDGlobal_V12.5.3.0.RJCIDXM_c2ff163918_11.0.zip,2.3G
Redmi 9/9A/9C/9C NFC/9T,Redmi 9C ID,stable_rom,V12.0.12.0.QCRIDXM (MIUI2),https://bigota.d.miui.com/V12.0.12.0.QCRIDXM/miui_ANGELICAIDGlobal_V12.0.12.0.QCRIDXM_8c26b4d7aa_10.0.zip,1.7G
Redmi 9/9A/9C/9C NFC/9T,Redmi 9C EEA,stable_rom,V12.0.12.0.QCREUXM (MIUI12),https://bigota.d.miui.com/V12.0.12.0.QCREUXM/miui_ANGELICAEEAGlobal_V12.0.12.0.QCREUXM_c5acaf9b52_10.0.zip,1.7G
Redmi 9/9A/9C/9C NFC/9T,Redmi 9A EEA,stable_rom,V12.0.18.0.QCDEUXM (MIUI12),https://bigota.d.miui.com/V12.0.18.0.QCDEUXM/miui_DANDELIONEEAGlobal_V12.0.18.0.QCDEUXM_bd3f373c0d_10.0.zip,1.7G
Redmi 9/9A/9C/9C NFC/9T,Redmi 9A RU,stable_rom,V12.0.15.0.QCDRUXM (MIUI12),https://bigota.d.miui.com/V12.0.15.0.QCDRUXM/miui_DANDELIONRUGlobal_V12.0.15.0.QCDRUXM_389c0746c5_10.0.zip,1.7G
Redmi 9/9A/9C/9C NFC/9T,Redmi 9A Global,stable_rom,V12.0.19.0.QCDMIXM (MIUI12),https://bigota.d.miui.com/V12.0.19.0.QCDMIXM/miui_DANDELIONGlobal_V12.0.19.0.QCDMIXM_2616d31129_10.0.zip,1.7G
Redmi 9/9A/9C/9C NFC/9T,Redmi 9A ID,stable_rom,V12.0.12.0.QCDIDXM (MIUI12),https://bigota.d.miui.com/V12.0.12.0.QCDIDXM/miui_DANDELIONIDGlobal_V12.0.12.0.QCDIDXM_2f85392231_10.0.zip,1.7G
Redmi 9/9A/9C/9C NFC/9T,Redmi 9A IN,stable_rom,V12.0.23.0.QCDINXM (MIUI12),https://bigota.d.miui.com/V12.0.23.0.QCDINXM/miui_DANDELIONINGlobal_V12.0.23.0.QCDINXM_9fd11d53c1_10.0.zip,1.7G
Redmi 9/9A/9C/9C NFC/9T,Redmi 9 Prime IN,stable_rom,V12.5.4.0.RJCINXM (MIUI11),https://bigota.d.miui.com/V12.5.4.0.RJCINXM/miui_LANCELOTINGlobal_V12.5.4.0.RJCINXM_5b2bc5735d_11.0.zip,2.2G
Redmi 9/9A/9C/9C NFC/9T,Redmi 9 EEA,stable_rom,V12.5.5.0.RJCEUXM (MIUI11),https://bigota.d.miui.com/V12.5.5.0.RJCEUXM/miui_LANCELOTEEAGlobal_V12.5.5.0.RJCEUXM_ddc3be0420_11.0.zip,2.3G
Redmi 9/9A/9C/9C NFC/9T,Redmi 9 Global,stable_rom,V12.5.5.0.RJCMIXM (MIUI11),https://bigota.d.miui.com/V12.5.5.0.RJCMIXM/miui_LANCELOTGlobal_V12.5.5.0.RJCMIXM_91cf50052d_11.0.zip,2.2G
Redmi 9/9A/9C/9C NFC/9T,Redmi 9 RU,stable_rom,V12.5.4.0.RJCRUXM (MIUI12),https://bigota.d.miui.com/V12.5.4.0.RJCRUXM/miui_LANCELOTRUGlobal_V12.5.4.0.RJCRUXM_a9a33b638a_11.0.zip,2.2G
POCO F2 Pro,POCO F2 Pro ID,stable_rom,V13.0.1.0.SJKIDXM (MIUI12),https://bigota.d.miui.com/V13.0.1.0.SJKIDXM/miui_LMIIDGlobal_V13.0.1.0.SJKIDXM_6cdf950d40_12.0.zip,3.4G
POCO F2 Pro,POCO F2 Pro EEA,stable_rom,V13.0.2.0.SJKEUXM (MIUI12),https://bigota.d.miui.com/V13.0.2.0.SJKEUXM/miui_LMIEEAGlobal_V13.0.2.0.SJKEUXM_72ed17529f_12.0.zip,3.4G
POCO F2 Pro,POCO F2 Pro RU,stable_rom,V12.5.3.0.RJKRUXM (MIUI12),https://bigota.d.miui.com/V12.5.3.0.RJKRUXM/miui_LMIRUGlobal_V12.5.3.0.RJKRUXM_c09a13551b_11.0.zip,3.1G
POCO F2 Pro,POCO F2 Pro Global,stable_rom,V13.0.1.0.SJKMIXM (MIUI12),https://bigota.d.miui.com/V13.0.1.0.SJKMIXM/miui_LMIGlobal_V13.0.1.0.SJKMIXM_c0c40adc87_12.0.zip,3.3G
POCO F2 Pro,POCO F2 Pro TR,stable_rom,version自定义文案 (MIUI11),https://bigota.d.miui.com/V12.5.3.0.RJKTRXM/miui_LMITRGlobal_V12.5.3.0.RJKTRXM_74c99498cd_11.0.zip,3.1G
Mi 10/Pro/Lite 5G,Mi 10 ID,stable_rom,V12.5.3.0.RJBIDXM (MIUI12),https://bigota.d.miui.com/V12.5.3.0.RJBIDXM/miui_UMIIDGlobal_V12.5.3.0.RJBIDXM_f55ae5da34_11.0.zip,3.2G
Mi 10/Pro/Lite 5G,Mi 10 EEA,stable_rom,V12.5.8.0.RJBEUXM (MIUI12),https://bigota.d.miui.com/V12.5.8.0.RJBEUXM/miui_UMIEEAGlobal_V12.5.8.0.RJBEUXM_09e815acf9_11.0.zip,3.1G
Mi 10/Pro/Lite 5G,Mi 10 RU,stable_rom,V12.5.3.0.RJBRUXM (MIUI12),https://bigota.d.miui.com/V12.5.3.0.RJBRUXM/miui_UMIRUGlobal_V12.5.3.0.RJBRUXM_f437530a51_11.0.zip,3.2G
Mi 10/Pro/Lite 5G,Mi 10 Global,stable_rom,V12.5.4.0.RJBMIXM (MIUI12),https://bigota.d.miui.com/V12.5.4.0.RJBMIXM/miui_UMIGlobal_V12.5.4.0.RJBMIXM_3d5ac811c1_11.0.zip,3.1G
Mi 10/Pro/Lite 5G,Mi 10 IN,stable_rom,V13.0.3.0.SJBINXM (MIUI12),https://bigota.d.miui.com/V13.0.3.0.SJBINXM/miui_UMIINGlobal_V13.0.3.0.SJBINXM_dd98ef8576_12.0.zip,3.3G
Mi 10/Pro/Lite 5G,Mi 10 Pro EEA,stable_rom,V13.0.2.0.SJAEUXM (MIUI12),https://bigota.d.miui.com/V13.0.2.0.SJAEUXM/miui_CMIEEAGlobal_V13.0.2.0.SJAEUXM_f41362a8f6_12.0.zip,3.4G
Mi 10/Pro/Lite 5G,Mi 10 Pro Global,stable_rom,V12.5.2.0.RJAMIXM (MIUI12),https://bigota.d.miui.com/V12.5.2.0.RJAMIXM/miui_CMIGlobal_V12.5.2.0.RJAMIXM_b157ae69b4_11.0.zip,3.0G
Mi 10/Pro/Lite 5G,Mi 10 Lite 5G Global,stable_rom,V13.0.2.0.SJIMIXM (MIUI12),https://bigota.d.miui.com/V13.0.2.0.SJIMIXM/miui_MONETGlobal_V13.0.2.0.SJIMIXM_f2b661bdf6_12.0.zip,3.2G
Mi 10/Pro/Lite 5G,Mi 10 Lite 5G EEA,stable_rom,V12.5.7.0.RJIEUXM (MIUI12),https://bigota.d.miui.com/V12.5.7.0.RJIEUXM/miui_MONETEEAGlobal_V12.5.7.0.RJIEUXM_183b906759_11.0.zip,3.0G
Mi 10/Pro/Lite 5G,Mi 10 Lite 5G TW,stable_rom,version自定义文案 (MIUI11),https://bigota.d.miui.com/V13.0.1.0.SJITWXM/miui_MONETTWGlobal_V13.0.1.0.SJITWXM_d8d23da7f4_12.0.zip,3.2G
Redmi Note 9/S/Pro/T,Redmi Note 9 India,stable_rom,V12.5.5.0.RJOINXM (MIUI12),https://bigota.d.miui.com/V12.5.5.0.RJOINXM/miui_MERLININGlobal_V12.5.5.0.RJOINXM_d1e3228323_11.0.zip,2.2G
Redmi Note 9/S/Pro/T,Redmi Note 9S TR,stable_rom,version自定义文案 (MIUI11),https://bigota.d.miui.com/V12.5.3.0.RJWTRXM/miui_CURTANATRGlobal_V12.5.3.0.RJWTRXM_afd15901f6_11.0.zip,2.5G
Redmi Note 9/S/Pro/T,Redmi Note 9 TR,stable_rom,version自定义文案 (MIUI11),https://bigota.d.miui.com/V12.5.3.0.RJZTRXM/miui_JOYEUSETRGlobal_V12.5.3.0.RJZTRXM_c4e2ffb420_11.0.zip,2.5G
Redmi Note 9/S/Pro/T,Redmi Note 9 Pro TW,stable_rom,version自定义文案 (MIUI11),https://bigota.d.miui.com/V12.5.1.0.RJZTWXM/miui_JOYEUSETWGlobal_V12.5.1.0.RJZTWXM_e97807027a_11.0.zip,2.5G
Redmi Note 9/S/Pro/T,Redmi Note 9 TW,stable_rom,version自定义文案 (MIUI11),https://bigota.d.miui.com/V12.5.4.0.RJOTWXM/miui_MERLINTWGlobal_V12.5.4.0.RJOTWXM_04ad25cfa8_11.0.zip,2.2G
Redmi Note 9/S/Pro/T,Redmi Note 9T Global,stable_rom,version自定义文案 (MIUI12),https://bigota.d.miui.com/V12.5.8.0.RJEMIXM/miui_CANNONGGlobal_V12.5.8.0.RJEMIXM_a2ab059c5d_11.0.zip,2.3G
Redmi Note 9/S/Pro/T,Redmi Note 9T RU,stable_rom,version自定义文案 (MIUI 12),https://bigota.d.miui.com/V12.5.3.0.RJERUXM/miui_CANNONGRUGlobal_V12.5.3.0.RJERUXM_067ee834f7_11.0.zip,2.4G
Redmi Note 9/S/Pro/T,Redmi Note 9T EEA,stable_rom,version自定义文案 (MIUI 12),https://bigota.d.miui.com/V12.5.8.0.RJEEUXM/miui_CANNONGEEAGlobal_V12.5.8.0.RJEEUXM_81a455a4b7_11.0.zip,2.4G
Redmi Note 9/S/Pro/T,Redmi Note 9T TW,stable_rom,V12.5.3.0.RJETWXM (MIUI 12),https://bigota.d.miui.com/V12.5.3.0.RJETWXM/miui_CANNONGTWGlobal_V12.5.3.0.RJETWXM_825d551c9a_11.0.zip,2.3G
Redmi Note 9/S/Pro/T,Redmi Note 9 Pro Max India,stable_rom,V12.5.6.0.RJXINXM (MIUI12),https://bigota.d.miui.com/V12.5.6.0.RJXINXM/miui_EXCALIBURINGlobal_V12.5.6.0.RJXINXM_5138ddcd6e_11.0.zip,2.5G
Redmi Note 9/S/Pro/T,Redmi Note 9 ID,stable_rom,V12.5.5.0.RJOIDXM (MIUI12),https://bigota.d.miui.com/V12.5.5.0.RJOIDXM/miui_MERLINIDGlobal_V12.5.5.0.RJOIDXM_297ecd9390_11.0.zip,2.3G
Redmi Note 9/S/Pro/T,Redmi Note 9S Global,stable_rom,V12.5.5.0.RJWMIXM (MIUI12),https://bigota.d.miui.com/V12.5.5.0.RJWMIXM/miui_CURTANAGlobal_V12.5.5.0.RJWMIXM_bf1b7512cd_11.0.zip,2.5G
Redmi Note 9/S/Pro/T,Redmi Note 9 Pro ID,stable_rom,V12.5.3.0.RJZIDXM (MIUI11),https://bigota.d.miui.com/V12.5.3.0.RJZIDXM/miui_JOYEUSEIDGlobal_V12.5.3.0.RJZIDXM_9de65bdd14_11.0.zip,2.5G
Redmi Note 9/S/Pro/T,Redmi Note 9 Global,stable_rom,V12.5.4.0.RJOMIXM (MIUI12),https://bigota.d.miui.com/V12.5.4.0.RJOMIXM/miui_MERLINGlobal_V12.5.4.0.RJOMIXM_a4d0f9b695_11.0.zip,2.2G
Redmi Note 9/S/Pro/T,Redmi Note 9 RU,stable_rom,V12.5.3.0.RJORUXM (MIUI12),https://bigota.d.miui.com/V12.5.3.0.RJORUXM/miui_MERLINRUGlobal_V12.5.3.0.RJORUXM_3f2c78239d_11.0.zip,2.3G
Redmi Note 9/S/Pro/T,Redmi Note 9 EEA,stable_rom,V12.5.5.0.RJOEUXM (MIUI12),https://bigota.d.miui.com/V12.5.5.0.RJOEUXM/miui_MERLINEEAGlobal_V12.5.5.0.RJOEUXM_0fe75df472_11.0.zip,2.3G
Redmi Note 9/S/Pro/T,Redmi Note 9 Pro Global,stable_rom,V12.5.5.0.RJZMIXM (MIUI11),https://bigota.d.miui.com/V12.5.5.0.RJZMIXM/miui_JOYEUSEGlobal_V12.5.5.0.RJZMIXM_609b6fc150_11.0.zip,2.5G
Redmi Note 9/S/Pro/T,Redmi Note 9 Pro EEA,stable_rom,V12.5.8.0.RJZEUXM (MIUI11),https://bigota.d.miui.com/V12.5.8.0.RJZEUXM/miui_JOYEUSEEEAGlobal_V12.5.8.0.RJZEUXM_0d0abb3576_11.0.zip,2.6G
Redmi Note 9/S/Pro/T,Redmi Note 9S EEA,stable_rom,V12.5.6.0.RJWEUXM (MIUI11),https://bigota.d.miui.com/V12.5.6.0.RJWEUXM/miui_CURTANAEEAGlobal_V12.5.6.0.RJWEUXM_b4868b7dac_11.0.zip,2.5G
Redmi Note 9/S/Pro/T,Redmi Note 9S RU,stable_rom,V12.5.4.0.RJWRUXM (MIUI11),https://bigota.d.miui.com/V12.5.4.0.RJWRUXM/miui_CURTANARUGlobal_V12.5.4.0.RJWRUXM_2c904a8128_11.0.zip,2.5G
Redmi Note 9/S/Pro/T,Redmi Note 9S India,stable_rom,V12.5.5.0.RJWINXM (MIUI12),https://bigota.d.miui.com/V12.5.5.0.RJWINXM/miui_CURTANAINGlobal_V12.5.5.0.RJWINXM_f1a1dae59f_11.0.zip,2.6G
Mi Note 10/Pro/Lite,Mi Note 10 Pro Global,stable_rom,V13.0.1.0.RFDMIXM (MIUI11),https://bigota.d.miui.com/V13.0.1.0.RFDMIXM/miui_TUCANAGlobal_V13.0.1.0.RFDMIXM_86a1be8c61_11.0.zip,3.0G
Mi Note 10/Pro/Lite,Mi Note 10 Pro EEA,stable_rom,V13.0.1.0.RFDEUXM (MIUI12),https://bigota.d.miui.com/V13.0.1.0.RFDEUXM/miui_TUCANAEEAGlobal_V13.0.1.0.RFDEUXM_5b459eddd7_11.0.zip,3.0G
Mi Note 10/Pro/Lite,Mi Note 10 Pro RU,stable_rom,V12.5.4.0.RFDRUXM (MIUI12),https://bigota.d.miui.com/V12.5.4.0.RFDRUXM/miui_TUCANARUGlobal_V12.5.4.0.RFDRUXM_cc4d52fc09_11.0.zip,2.9G
Mi Note 10/Pro/Lite,Mi Note 10 Lite RU,stable_rom,V13.0.1.0.SFNRUXM (MIUI11),https://bigota.d.miui.com/V13.0.1.0.SFNRUXM/miui_TOCORUGlobal_V13.0.1.0.SFNRUXM_fd7a88097e_12.0.zip,2.9G
Mi Note 10/Pro/Lite,Mi Note 10 Lite EEA,stable_rom,V13.0.1.0.SFNEUXM (MIUI12),https://bigota.d.miui.com/V13.0.1.0.SFNEUXM/miui_TOCOEEAGlobal_V13.0.1.0.SFNEUXM_cd4132785f_12.0.zip,2.9G
Mi Note 10/Pro/Lite,Mi Note 10 Lite Global,stable_rom,V13.0.1.0.SFNMIXM (MIUI12),https://bigota.d.miui.com/V13.0.1.0.SFNMIXM/miui_TOCOGlobal_V13.0.1.0.SFNMIXM_b856dc7481_12.0.zip,2.9G
Redmi 8/8A/8A Pro,Redmi 8A India,stable_rom,V12.5.2.0.QCPINXM (MIUI11),https://bigota.d.miui.com/V12.5.2.0.QCPINXM/miui_OLIVELITEINGlobal_V12.5.2.0.QCPINXM_d2322fb180_10.0.zip,1.9G
Redmi 8/8A/8A Pro,Redmi 8A ID,stable_rom,V12.5.1.0.QCPIDXM (MIUI11),https://bigota.d.miui.com/V12.5.1.0.QCPIDXM/miui_OLIVELITEIDGlobal_V12.5.1.0.QCPIDXM_9e10dc79f5_10.0.zip,1.9G
Redmi 8/8A/8A Pro,Redmi 8A RU,stable_rom,V12.5.2.0.QCPRUXM (MIUI11),https://bigota.d.miui.com/V12.5.2.0.QCPRUXM/miui_OLIVELITERUGlobal_V12.5.2.0.QCPRUXM_bdc333e626_10.0.zip,1.9G
Redmi 8/8A/8A Pro,Redmi 8A EEA,stable_rom,V12.5.3.0.QCPEUXM (MIUI11),https://bigota.d.miui.com/V12.5.3.0.QCPEUXM/miui_OLIVELITEEEAGlobal_V12.5.3.0.QCPEUXM_ae6927c3ae_10.0.zip,1.9G
Redmi 8/8A/8A Pro,Redmi 8A Global,stable_rom,V12.5.2.0.QCPMIXM (MIUI11),https://bigota.d.miui.com/V12.5.2.0.QCPMIXM/miui_OLIVELITEGlobal_V12.5.2.0.QCPMIXM_1c495cd112_10.0.zip,1.9G
Redmi 8/8A/8A Pro,Redmi 8 India,stable_rom,V12.5.2.0.QCNINXM (MIUI11),https://bigota.d.miui.com/V12.5.2.0.QCNINXM/miui_OLIVEINGlobal_V12.5.2.0.QCNINXM_5307c76f6c_10.0.zip,2.1G
Redmi 8/8A/8A Pro,Redmi 8 ID,stable_rom,V12.5.1.0.QCNIDXM (MIUI11),https://bigota.d.miui.com/V12.5.1.0.QCNIDXM/miui_OLIVEIDGlobal_V12.5.1.0.QCNIDXM_9bb8c4fe42_10.0.zip,2.1G
Redmi 8/8A/8A Pro,Redmi 8 EEA,stable_rom,V12.5.2.0.QCNEUXM (MIUI11),https://bigota.d.miui.com/V12.5.2.0.QCNEUXM/miui_OLIVEEEAGlobal_V12.5.2.0.QCNEUXM_1ce5a4685b_10.0.zip,2.2G
Redmi 8/8A/8A Pro,Redmi 8 RU,stable_rom,V12.5.3.0.QCNRUXM (MIUI11),https://bigota.d.miui.com/V12.5.3.0.QCNRUXM/miui_OLIVERUGlobal_V12.5.3.0.QCNRUXM_89c5bcc38e_10.0.zip,2.2G
Redmi 8/8A/8A Pro,Redmi 8 Global,stable_rom,V12.5.3.0.QCNMIXM (MIUI11),https://bigota.d.miui.com/V12.5.3.0.QCNMIXM/miui_OLIVEGlobal_V12.5.3.0.QCNMIXM_f5509dd40b_10.0.zip,2.2G
Redmi 8/8A/8A Pro,Redmi 8A Pro ID,stable_rom,V12.5.1.0.QCQIDXM (MIUI11),https://bigota.d.miui.com/V12.5.1.0.QCQIDXM/miui_OLIVEWOODIDGlobal_V12.5.1.0.QCQIDXM_15ca771127_10.0.zip,1.9G
Redmi Note 8/Pro/8T,Redmi Note 8T Global,stable_rom,V12.5.4.0.RCXMIXM (MIUI11),https://bigota.d.miui.com/V12.5.4.0.RCXMIXM/miui_WILLOWGlobal_V12.5.4.0.RCXMIXM_af28bfa813_11.0.zip,2.4G
Redmi Note 8/Pro/8T,Redmi Note 8 2021 RU,stable_rom,version自定义文案 (),https://bigota.d.miui.com/V13.0.1.0.SCURUXM/miui_BILOBARUGlobal_V13.0.1.0.SCURUXM_904b263288_12.0.zip,2.6G
Redmi Note 8/Pro/8T,Redmi Note 8 2021 EEA,stable_rom,version自定义文案 (),https://bigota.d.miui.com/V13.0.3.0.SCUEUXM/miui_BILOBAEEAGlobal_V13.0.3.0.SCUEUXM_f36c349b19_12.0.zip,2.6G
Redmi Note 8/Pro/8T,Redmi Note 8 2021 Global,stable_rom,version自定义文案 (),https://bigota.d.miui.com/V12.5.9.0.RCUMIXM/miui_BILOBAGlobal_V12.5.9.0.RCUMIXM_ddf48ded8b_11.0.zip,2.3G
Redmi Note 8/Pro/8T,Redmi Note 8 Pro Indonesia,stable_rom,V12.5.5.0.RGGIDXM (MIUI12),https://bigota.d.miui.com/V12.5.5.0.RGGIDXM/miui_BEGONIAIDGlobal_V12.5.5.0.RGGIDXM_b7e3f13526_11.0.zip,2.2G
Redmi Note 8/Pro/8T,Redmi Note 8 India,stable_rom,V12.5.1.0.RCOINXM (MIUI11),https://bigota.d.miui.com/V12.5.1.0.RCOINXM/miui_GINKGOINGlobal_V12.5.1.0.RCOINXM_574a275eaa_11.0.zip,2.3G
Redmi Note 8/Pro/8T,Redmi Note 8 Indonesia,stable_rom,V12.5.2.0.RCOIDXM (MIUI11),https://bigota.d.miui.com/V12.5.2.0.RCOIDXM/miui_GINKGOIDGlobal_V12.5.2.0.RCOIDXM_c728b0ba8c_11.0.zip,2.4G
Redmi Note 8/Pro/8T,Redmi Note 8T RU,stable_rom,V12.5.1.0.RCXRUXM (MIUI11),https://bigota.d.miui.com/V12.5.1.0.RCXRUXM/miui_WILLOWRUGlobal_V12.5.1.0.RCXRUXM_d7d56a804e_11.0.zip,2.4G
Redmi Note 8/Pro/8T,Redmi Note 8 RU,stable_rom,version自定义文案 (),https://bigota.d.miui.com/V12.5.2.0.RCORUXM/miui_GINKGORUGlobal_V12.5.2.0.RCORUXM_b9d97eaca2_11.0.zip,2.4G
Redmi Note 8/Pro/8T,Redmi Note 8T EEA,stable_rom,V12.5.4.0.RCXEUXM (MIUI11),https://bigota.d.miui.com/V12.5.4.0.RCXEUXM/miui_WILLOWEEAGlobal_V12.5.4.0.RCXEUXM_2ed5c302b1_11.0.zip,2.4G
Redmi Note 8/Pro/8T,Redmi Note 8 Pro RU,stable_rom,V12.5.4.0.RGGRUXM (MIUI12),https://bigota.d.miui.com/V12.5.4.0.RGGRUXM/miui_BEGONIARUGlobal_V12.5.4.0.RGGRUXM_cf3fc5b055_11.0.zip,2.2G
Redmi Note 8/Pro/8T,Redmi Note 8 Pro EEA,stable_rom,V12.5.6.0.RGGEUXM (MIUI12),https://bigota.d.miui.com/V12.5.6.0.RGGEUXM/miui_BEGONIAEEAGlobal_V12.5.6.0.RGGEUXM_409c7d7a55_11.0.zip,2.2G
Redmi Note 8/Pro/8T,Redmi Note 8 Pro Global,stable_rom,V12.5.7.0.RGGMIXM (MIUI12),https://bigota.d.miui.com/V12.5.7.0.RGGMIXM/miui_BEGONIAGlobal_V12.5.7.0.RGGMIXM_2623803216_11.0.zip,2.2G
Redmi Note 8/Pro/8T,Redmi Note 8 Global,stable_rom,V12.5.2.0.RCOMIXM (MIUI11),https://bigota.d.miui.com/V12.5.2.0.RCOMIXM/miui_GINKGOGlobal_V12.5.2.0.RCOMIXM_75abe1782e_11.0.zip,2.4G
Redmi Note 8/Pro/8T,Redmi Note 8 EEA,stable_rom,V12.5.4.0.RCOEUXM (),https://bigota.d.miui.com/V12.5.4.0.RCOEUXM/miui_GINKGOEEAGlobal_V12.5.4.0.RCOEUXM_1f38841d4d_11.0.zip,2.4G
Mi 9 Lite/Mi CC 9,Mi 9 Lite/Mi CC 9 Global,stable_rom,V12.5.2.0.RFCMIXM (MIUI12),https://bigota.d.miui.com/V12.5.2.0.RFCMIXM/miui_PYXISGlobal_V12.5.2.0.RFCMIXM_ceaf059ed1_11.0.zip,2.5G
Mi 9 Lite/Mi CC 9,Mi 9 Lite/Mi CC 9 EEA,stable_rom,V12.0.10.0.QFCEUXM (MIUI12),https://bigota.d.miui.com/V12.0.10.0.QFCEUXM/miui_PYXISEEAGlobal_V12.0.10.0.QFCEUXM_a6f315ca02_10.0.zip,2.4G
Mi 9 Lite/Mi CC 9,Mi 9 Lite/Mi CC 9 RU,stable_rom,V12.5.1.0.RFCRUXM (MIUI12),https://bigota.d.miui.com/V12.5.1.0.RFCRUXM/miui_PYXISRUGlobal_V12.5.1.0.RFCRUXM_302834bea9_11.0.zip,2.5G
Redmi K20 Series,Redmi K20 India,stable_rom,V12.1.4.0.RFJINXM (MIUI11),https://bigota.d.miui.com/V12.1.4.0.RFJINXM/miui_DAVINCIININGlobal_V12.1.4.0.RFJINXM_5db1a0c666_11.0.zip,2.2G
Redmi K20 Series,Redmi K20 Pro India,stable_rom,V12.5.1.0.RFKINXM (MIUI11),https://bigota.d.miui.com/V12.5.1.0.RFKINXM/miui_RAPHAELININGlobal_V12.5.1.0.RFKINXM_0bfe71d0cd_11.0.zip,2.3G
Mi 9/9T Series,Mi 9 Global,stable_rom,V12.5.1.0.RFAMIXM (MIUI12),https://bigota.d.miui.com/V12.5.1.0.RFAMIXM/miui_CEPHEUSGlobal_V12.5.1.0.RFAMIXM_54d23f235e_11.0.zip,2.4G
Mi 9/9T Series,Mi 9 EEA,stable_rom,V12.5.1.0.RFAEUXM (MIUI12),https://bigota.d.miui.com/V12.5.1.0.RFAEUXM/miui_CEPHEUSEEAGlobal_V12.5.1.0.RFAEUXM_64d22ba46c_11.0.zip,2.4G
Mi 9/9T Series,Mi 9 SE Global,stable_rom,V12.5.1.0.RFBMIXM (MIUI12),https://bigota.d.miui.com/V12.5.1.0.RFBMIXM/miui_GRUSGlobal_V12.5.1.0.RFBMIXM_c04478d703_11.0.zip,2.4G
Mi 9/9T Series,Mi 9 Russia,stable_rom,V12.5.2.0.RFARUXM (MIUI11),https://bigota.d.miui.com/V12.5.2.0.RFARUXM/miui_CEPHEUSRUGlobal_V12.5.2.0.RFARUXM_b65674aa3c_11.0.zip,2.4G
Mi 9/9T Series,Mi 9 SE EEA,stable_rom,V12.5.1.0.RFBEUXM (MIUI12),https://bigota.d.miui.com/V12.5.1.0.RFBEUXM/miui_GRUSEEAGlobal_V12.5.1.0.RFBEUXM_0c905c26ed_11.0.zip,2.4G
Mi 9/9T Series,Mi 9T Global,stable_rom,V12.1.4.0.RFJMIXM (MIUI12),https://bigota.d.miui.com/V12.1.4.0.RFJMIXM/miui_DAVINCIGlobal_V12.1.4.0.RFJMIXM_e0ac13ed89_11.0.zip,2.4G
Mi 9/9T Series,Mi 9T EEA,stable_rom,V12.1.1.0.RFJEUXM (MIUI12),https://bigota.d.miui.com/V12.1.1.0.RFJEUXM/miui_DAVINCIEEAGlobal_V12.1.1.0.RFJEUXM_2acd940e23_11.0.zip,2.4G
Mi 9/9T Series,Mi 9T Russia,stable_rom,V12.1.2.0.RFJRUXM (MIUI12),https://bigota.d.miui.com/V12.1.2.0.RFJRUXM/miui_DAVINCIRUGlobal_V12.1.2.0.RFJRUXM_a69a4cd4e6_11.0.zip,2.4G
Mi 9/9T Series,Mi 9T Pro Global,stable_rom,V12.5.2.0.RFKMIXM (MIUI12),https://bigota.d.miui.com/V12.5.2.0.RFKMIXM/miui_RAPHAELGlobal_V12.5.2.0.RFKMIXM_edbf5f63e8_11.0.zip,2.5G
Mi 9/9T Series,Mi 9T Pro EEA,stable_rom,V12.5.1.0.RFKEUXM (MIUI10),https://bigota.d.miui.com/V12.5.1.0.RFKEUXM/miui_RAPHAELEEAGlobal_V12.5.1.0.RFKEUXM_dd92b7128a_11.0.zip,2.5G
Mi 9/9T Series,Mi 9T Pro RU,stable_rom,V12.5.1.0.RFKRUXM (MIUI11),https://bigota.d.miui.com/V12.5.1.0.RFKRUXM/miui_RAPHAELRUGlobal_V12.5.1.0.RFKRUXM_c65314ceec_11.0.zip,2.5G
Redmi Note 7/Pro,Redmi Note 7 Global,stable_rom,V12.5.3.0.QFGMIXM (MIUI11),https://bigota.d.miui.com/V12.5.3.0.QFGMIXM/miui_LAVENDERGlobal_V12.5.3.0.QFGMIXM_0baf420181_10.0.zip,2.2G
Redmi Note 7/Pro,Redmi Note 7 India,stable_rom,V12.5.1.0.QFGINXM (MIUI11),https://bigota.d.miui.com/V12.5.1.0.QFGINXM/miui_LAVENDERINGlobal_V12.5.1.0.QFGINXM_1c1cf84924_10.0.zip,2.1G
Redmi Note 7/Pro,Redmi Note 7 Russia,stable_rom,V12.5.1.0.QFGRUXM (MIUI11),https://bigota.d.miui.com/V12.5.1.0.QFGRUXM/miui_LAVENDERRUGlobal_V12.5.1.0.QFGRUXM_32f42d84aa_10.0.zip,2.2G
Redmi Note 7/Pro,Redmi Note 7 EEA,stable_rom,V12.5.1.0.QFGEUXM (MIUI11),https://bigota.d.miui.com/V12.5.1.0.QFGEUXM/miui_LAVENDEREEAGlobal_V12.5.1.0.QFGEUXM_39f6c7990f_10.0.zip,2.2G
Redmi Note 7/Pro,Redmi Note 7 Pro India,stable_rom,V12.5.1.0.QFHINXM (MIUI11),https://bigota.d.miui.com/V12.5.1.0.QFHINXM/miui_VIOLETINGlobal_V12.5.1.0.QFHINXM_125bf9d2a7_10.0.zip,2.1G
Redmi 7A,Redmi 7A Global,stable_rom,V11.0.3.0.QCMMIXM (MIUI11),https://bigota.d.miui.com/V11.0.3.0.QCMMIXM/miui_PINEGlobal_V11.0.3.0.QCMMIXM_49023d184c_10.0.zip,1.6G
Redmi 7A,Redmi 7A EEA,stable_rom,V11.0.3.0.QCMEUXM (MIUI11),https://bigota.d.miui.com/V11.0.3.0.QCMEUXM/miui_PINEEEAGlobal_V11.0.3.0.QCMEUXM_e76a5adf68_10.0.zip,1.6G
Redmi 7A,Redmi 7A RU,stable_rom,V11.0.2.0.QCMRUXM (MIUI11),https://bigota.d.miui.com/V11.0.2.0.QCMRUXM/miui_PINERUGlobal_V11.0.2.0.QCMRUXM_1d1daac568_10.0.zip,1.6G
Redmi Y3,Redmi Y3 India,stable_rom,V11.0.6.0.QFFINXM (MIUI11),https://bigota.d.miui.com/V11.0.6.0.QFFINXM/miui_ONCINGlobal_V11.0.6.0.QFFINXM_c2c41db9e8_10.0.zip,1.9G
Mi A3,Mi A3 Global ,stable_rom,V10.3.12.0.PFQMIXM (Android P),https://bigota.d.miui.com/V10.3.12.0.PFQMIXM/miui_LAURELSPROUTGlobal_V10.3.12.0.PFQMIXM_2b83b4ee7b_9.0.zip,1.2G
Mi A3,Mi A3 EEA,stable_rom,V10.3.15.0.PFQEUXM (Android P),https://bigota.d.miui.com/V10.3.15.0.PFQEUXM/miui_LAURELSPROUTEEAGlobal_V10.3.15.0.PFQEUXM_bd270736f7_9.0.zip,1.2G
Redmi 7,Redmi 7 Global,stable_rom,V11.0.6.0.PFLMIXM (MIUI11),https://bigota.d.miui.com/V11.0.6.0.PFLMIXM/miui_ONCLITEGlobal_V11.0.6.0.PFLMIXM_120f06416a_9.0.zip,1.8G
Redmi 7,Redmi 7 EEA,stable_rom,V11.0.10.0.PFLEUXM (MIUI11),https://bigota.d.miui.com/V11.0.10.0.PFLEUXM/miui_ONCLITEEEAGlobal_V11.0.10.0.PFLEUXM_1bc7606f67_9.0.zip,1.8G
Redmi Go,Redmi Go Global,stable_rom,V10.2.7.0.OCLMIXM (AndroidGo),https://bigota.d.miui.com/V10.2.7.0.OCLMIXM/miui_TIAREGlobal_V10.2.7.0.OCLMIXM_5521458c9d_8.1.zip,762M
Redmi Go,Redmi Go India,stable_rom,V10.2.10.0.OCLINXM (AndroidGo),https://bigota.d.miui.com/V10.2.10.0.OCLINXM/tiare_in_global_images_V10.2.10.0.OCLINXM_20190711.0000.00_8.1_ccbe9e67d3.tgz,1.7G
Redmi Go,Redmi Go Russia,stable_rom,V10.2.9.0.OCLRUXM (AndroidGo),https://bigota.d.miui.com/V10.2.9.0.OCLRUXM/tiare_ru_global_images_V10.2.9.0.OCLRUXM_20190715.0000.00_8.1_b50ae04aea.tgz,1.7G
Redmi Go,Redmi Go EEA,stable_rom,V10.2.8.0.OCLEUXM (AndroidGo),https://bigota.d.miui.com/V10.2.8.0.OCLEUXM/tiare_eea_global_images_V10.2.8.0.OCLEUXM_20190719.0000.00_8.1_0c1b40ca2a.tgz,1.7G
Mi MIX 3,Mi MIX 3 Global,stable_rom,V12.0.1.0.QEEMIXM (MIUI12),https://bigota.d.miui.com/V12.0.1.0.QEEMIXM/miui_MIMIX3Global_V12.0.1.0.QEEMIXM_029b9f7869_10.0.zip,2.2G
Mi MIX 3,Mi MIX 3 Russia,stable_rom,V12.0.2.0.QEERUXM (MIUI11),https://bigota.d.miui.com/V12.0.2.0.QEERUXM/miui_MIMIX3RUGlobal_V12.0.2.0.QEERUXM_19f2f8b678_10.0.zip,2.2G
Mi MIX 3,Mi MIX 3 5G Global,stable_rom,V12.0.1.0.PEMMIXM (MIUI10),https://bigota.d.miui.com/V12.0.1.0.PEMMIXM/miui_ANDROMEDAGlobal_V12.0.1.0.PEMMIXM_da5d4dcb7c_9.0.zip,2.2G
Mi MIX 3,Mi MIX 3 5G EEA,stable_rom,V12.0.1.0.PEMEUXM (MIUI12),https://bigota.d.miui.com/V12.0.1.0.PEMEUXM/miui_ANDROMEDAEEAGlobal_V12.0.1.0.PEMEUXM_9e4961bf09_9.0.zip,2.2G
Mi MIX 2S,Mi MIX 2S Global,stable_rom,V12.0.1.0.QDGMIXM (MIUI12),https://bigota.d.miui.com/V12.0.1.0.QDGMIXM/miui_MIMIX2SGlobal_V12.0.1.0.QDGMIXM_1f5f076ae3_10.0.zip,1.9G
Mi MIX 2S,Mi MIX 2S Russia,stable_rom,V12.0.1.0.QDGRUXM (MIUI12),https://bigota.d.miui.com/V12.0.1.0.QDGRUXM/miui_MIMIX2SRUGlobal_V12.0.1.0.QDGRUXM_eda63933a4_10.0.zip,1.9G
Redmi Note 6 Pro,Redmi Note 6 Pro Global,stable_rom,V12.0.1.0.PEKMIXM (MIUI11),https://bigota.d.miui.com/V12.0.1.0.PEKMIXM/miui_HMNote6ProGlobal_V12.0.1.0.PEKMIXM_1920d51d84_9.0.zip,1.9G
Redmi Note 6 Pro,Redmi Note 6 Pro Russia,stable_rom,V10.2.1.0.OEKRUXM (MIUI10),https://bigota.d.miui.com/V10.2.1.0.OEKRUXM/miui_HMNote6ProRUGlobal_V10.2.1.0.OEKRUXM_bee593b24a_8.1.zip,1.7G
POCOPHONE F1,POCOPHONE F1 Global,stable_rom,V12.0.3.0.QEJMIXM (MIUI11),https://bigota.d.miui.com/V12.0.3.0.QEJMIXM/miui_POCOF1Global_V12.0.3.0.QEJMIXM_cf3fccffce_10.0.zip,2.0G
POCOPHONE F1,POCOPHONE F1 Russia,stable_rom,V12.0.3.0.QEJRUXM (MIUI11),https://bigota.d.miui.com/V12.0.3.0.QEJRUXM/miui_POCOF1RUGlobal_V12.0.3.0.QEJRUXM_ac5b1649fc_10.0.zip,2.0G
Mi A2,Mi A2,stable_rom,V11.0.26.0.QDIMIXM (Android Q),https://bigota.d.miui.com/V11.0.26.0.QDIMIXM/miui_JASMINEGlobal_V11.0.26.0.QDIMIXM_b7bc147a78_10.0.zip,1.3G
Redmi S2/Y2,Redmi S2/Y2 Global,stable_rom,V12.0.2.0.PEFMIXM (MIUI11),https://bigota.d.miui.com/V12.0.2.0.PEFMIXM/miui_HMS2Global_V12.0.2.0.PEFMIXM_668a87d737_9.0.zip,1.6G
Redmi S2/Y2,Redmi S2/Y2  Russia,stable_rom,V12.0.1.0.PEFRUXM (MIUI11),https://bigota.d.miui.com/V12.0.1.0.PEFRUXM/miui_HMS2RUGlobal_V12.0.1.0.PEFRUXM_e9d9a66ed5_9.0.zip,1.6G
Redmi 6/6A/Pro,Redmi 6 Global,stable_rom,V11.0.4.0.PCGMIXM (MIUI11),https://bigota.d.miui.com/V11.0.4.0.PCGMIXM/miui_HM6Global_V11.0.4.0.PCGMIXM_68887320d7_9.0.zip,1.4G
Redmi 6/6A/Pro,Redmi 6A Russia,stable_rom,V11.0.4.0.PCBRUXM (MIUI10),https://bigota.d.miui.com/V11.0.4.0.PCBRUXM/miui_HM6ARUGlobal_V11.0.4.0.PCBRUXM_00e71ddc2b_9.0.zip,1.4G
Redmi 6/6A/Pro,Redmi 6 Russia,stable_rom,V11.0.5.0.PCGRUXM (MIUI10),https://bigota.d.miui.com/V11.0.5.0.PCGRUXM/miui_HM6RUGlobal_V11.0.5.0.PCGRUXM_9be9598f94_9.0.zip,1.4G
Redmi 6/6A/Pro,Redmi 6A Global,stable_rom,V11.0.8.0.PCBMIXM (MIUI11),https://bigota.d.miui.com/V11.0.8.0.PCBMIXM/miui_HM6AGlobal_V11.0.8.0.PCBMIXM_2ced58d25e_9.0.zip,1.4G
Redmi 6/6A/Pro,Redmi 6 Pro Indian,stable_rom,V12.0.4.0.PDMMIXM (MIUI11),https://bigota.d.miui.com/V12.0.4.0.PDMMIXM/miui_HM6ProINGlobal_V12.0.4.0.PDMMIXM_ad48898cf1_9.0.zip,1.8G
Redmi 5/Plus,Redmi 5 Plus Global,stable_rom,V11.0.2.0.OEGMIXM (MIUI11),https://bigota.d.miui.com/V11.0.2.0.OEGMIXM/miui_HM5PlusGlobal_V11.0.2.0.OEGMIXM_f74369de0c_8.1.zip,1.4G
Redmi 5/Plus,Redmi 5 Plus Russia,stable_rom,V9.2.10.0.NEGRUEK (MIUI9),https://bigota.d.miui.com/V9.2.10.0.NEGRUEK/miui_HM5PlusRUGlobal_V9.2.10.0.NEGRUEK_88e9d58183_7.1.zip,1.5G
Redmi 5/Plus,Redmi 5 Russia,stable_rom,V11.0.1.0.ODARUXM (MIUI11),https://bigota.d.miui.com/V11.0.1.0.ODARUXM/miui_HM5RUGlobal_V11.0.1.0.ODARUXM_0fe3699e6f_8.1.zip,1.4G
Redmi 5/Plus,Redmi 5 Global,stable_rom,V11.0.2.0.ODAMIXM (MIUI11),https://bigota.d.miui.com/V11.0.2.0.ODAMIXM/miui_HM5Global_V11.0.2.0.ODAMIXM_25c20fae94_8.1.zip,1.4G
Redmi Note 5 Pro,Redmi Note 5 Pro India,stable_rom,V11.0.3.0.PEIMIXM (MIUI11),https://bigota.d.miui.com/V11.0.3.0.PEIMIXM/miui_HMNote5Global_V11.0.3.0.PEIMIXM_ff4c5a6b1a_9.0.zip,1.7G
Redmi Note 5,Redmi Note 5 Global,stable_rom,V11.0.3.0.PEIMIXM (MIUI11),https://bigota.d.miui.com/V11.0.3.0.PEIMIXM/miui_HMNote5Global_V11.0.3.0.PEIMIXM_ff4c5a6b1a_9.0.zip,1.7G
Redmi Note 5,Redmi Note 5 Russia,stable_rom,V11.0.1.0.PEIRUXM (MIUI11),https://bigota.d.miui.com/V11.0.1.0.PEIRUXM/miui_HMNote5RUGlobal_V11.0.1.0.PEIRUXM_d5db2891d8_9.0.zip,1.7G
Redmi 5A,Redmi 5A Global,stable_rom,V11.0.2.0.OCKMIXM (MIUI11),https://bigota.d.miui.com/V11.0.2.0.OCKMIXM/miui_HM5AGlobal_V11.0.2.0.OCKMIXM_b247c0c04e_8.1.zip,1.4G
Mi MIX 2,Mi MIX 2 Global,stable_rom,V12.0.1.0.PDEMIXM (MIUI11),https://bigota.d.miui.com/V12.0.1.0.PDEMIXM/miui_MIMIX2Global_V12.0.1.0.PDEMIXM_64006b3102_9.0.zip,1.9G
Xiaomi Mi Max 3,Mi Max 3 Global,stable_rom,V12.0.1.0.QEDMIXM (MIUI10),https://bigota.d.miui.com/V12.0.1.0.QEDMIXM/miui_MIMAX3Global_V12.0.1.0.QEDMIXM_83ae0d72cd_10.0.zip,1.9G
Xiaomi Mi Max 3,Mi Max 3 Russia,stable_rom,V12.0.1.0.QEDRUXM (MIUI9),https://bigota.d.miui.com/V12.0.1.0.QEDRUXM/miui_NITROGENRUGlobal_V12.0.1.0.QEDRUXM_ea7b3b949e_10.0.zip,1.9G
Mi A1,Mi A1,stable_rom,V10.0.18.0.PDHMIXM (Android P),https://bigota.d.miui.com/V10.0.18.0.PDHMIXM/miui_TISSOT_V10.0.18.0.PDHMIXM_5fc7b092a4_9.0.zip,1.1G
Xiaomi Mi Max 2,Mi Max 2 Global,stable_rom,V11.0.2.0.NDDMIXM (MIUI11),https://bigota.d.miui.com/V11.0.2.0.NDDMIXM/miui_MIMAX2Global_V11.0.2.0.NDDMIXM_94263d6240_7.1.zip,1.8G
Redmi 4,Redmi 4 Global (India Version),stable_rom,V11.0.2.0.NAMMIXM (MIUI11),https://bigota.d.miui.com/V11.0.2.0.NAMMIXM/miui_HM4XGlobal_V11.0.2.0.NAMMIXM_eae1390b46_7.1.zip,1.5G
Redmi 4,Redmi 4 Global,stable_rom,V10.2.2.0.MCEMIXM (MIUI10),https://bigota.d.miui.com/V10.2.2.0.MCEMIXM/miui_HM4Global_V10.2.2.0.MCEMIXM_0a6d0684b5_6.0.zip,1.4G
Redmi 4A,Redmi 4A Global,stable_rom,V10.2.3.0.NCCMIXM (MIUI10),https://bigota.d.miui.com/V10.2.3.0.NCCMIXM/miui_HM4AGlobal_V10.2.3.0.NCCMIXM_69d07208fd_7.1.zip,1.5G
Redmi Note 4,Redmi Note 4 MTK Global,stable_rom,V10.2.1.0.MBFMIXM (MIUI9),https://bigota.d.miui.com/V10.2.1.0.MBFMIXM/miui_HMNote4Global_V10.2.1.0.MBFMIXM_4897f98c7b_6.0.zip,1.3G
Redmi 3S/Prime/3X,Redmi 3S/Prime Global,stable_rom,V10.2.2.0.MALMIXM (MIUI9),https://bigota.d.miui.com/V10.2.2.0.MALMIXM/miui_HM3SGlobal_V10.2.2.0.MALMIXM_919500358f_6.0.zip,1.3G
Xiaomi Mi Max/Prime,Mi Max 32GB Global,stable_rom,V10.2.2.0.NBCMIXM (MIUI10),https://bigota.d.miui.com/V10.2.2.0.NBCMIXM/miui_MIMAXGlobal_V10.2.2.0.NBCMIXM_642ad81312_7.0.zip,1.4G
Xiaomi Mi Max/Prime,Mi Max Prime Global,stable_rom,V10.2.2.0.NBDMIXM (MIUI10),https://bigota.d.miui.com/V10.2.2.0.NBDMIXM/miui_MIMAX652Global_V10.2.2.0.NBDMIXM_f02278dd7c_7.0.zip,1.4G
Xiaomi Mi 5s Plus,Mi 5s Plus Global,stable_rom,V10.2.4.0.OBGMIXM (MIUI10),https://bigota.d.miui.com/V10.2.4.0.OBGMIXM/miui_MI5SPlusGlobal_V10.2.4.0.OBGMIXM_d3a51ce7d3_8.0.zip,1.6G
Xiaomi Mi 5s,Xiaomi Mi 5s Global,stable_rom,V10.2.3.0.OAGMIXM (MIUI9),https://bigota.d.miui.com/V10.2.3.0.OAGMIXM/miui_MI5SGlobal_V10.2.3.0.OAGMIXM_638b1fbbd3_8.0.zip,1.4G
Xiaomi Mi 5,Xiaomi Mi 5 Global,stable_rom,V10.2.2.0.OAAMIXM (MIUI10),https://bigota.d.miui.com/V10.2.2.0.OAAMIXM/miui_MI5Global_V10.2.2.0.OAAMIXM_d16c808eba_8.0.zip,1.4G
Redmi Note 3,Redmi Note 3 Qualcomm Global,stable_rom,V10.2.1.0.MHOMIXM (MIUI9),https://bigota.d.miui.com/V10.2.1.0.MHOMIXM/miui_HMNote3ProGlobal_V10.2.1.0.MHOMIXM_36c0f5ded3_6.0.zip,1.2G
Redmi Note 3,Redmi Note 3 Qualcomm China,stable_rom,V10.2.1.0.MHOCNXM (MIUI9),https://bigota.d.miui.com/V10.2.1.0.MHOCNXM/miui_HMNote3Pro_V10.2.1.0.MHOCNXM_57ca0aa257_6.0.zip,1.3G
Redmi Note 3,Redmi Note 3 Special Edition Global,stable_rom,V10.2.1.0.MHRMIXM (MIUI10),https://bigota.d.miui.com/V10.2.1.0.MHRMIXM/miui_HMNote3ProtwGlobal_V10.2.1.0.MHRMIXM_ffb51fb6dc_6.0.zip,1.5G
Redmi Note 3,Redmi Note 3 MTK China,stable_rom,V9.6.1.0.LHNCNFD (MIUI9),https://bigota.d.miui.com/V9.6.1.0.LHNCNFD/miui_HMNote3_V9.6.1.0.LHNCNFD_c1e5a895a8_5.0.zip,964M
Xiaomi Mi 6,Mi 6 Global,stable_rom,V11.0.6.0.PCAMIXM (MIUI10),https://bigota.d.miui.com/V11.0.6.0.PCAMIXM/miui_MI6Global_V11.0.6.0.PCAMIXM_47fd8ee4ef_9.0.zip,1.7G
Redmi Note 2,Redmi Note 2 Global,stable_rom,V9.6.3.0.LHMMIFD (MIUI9),https://bigota.d.miui.com/V9.6.3.0.LHMMIFD/miui_HMNote2Global_V9.6.3.0.LHMMIFD_83711029cc_5.0.zip,960M
Redmi Note 2,Redmi Note 2 China,stable_rom,V9.6.1.0.LHMCNFD (MIUI9),https://bigota.d.miui.com/V9.6.1.0.LHMCNFD/miui_HMNote2_V9.6.1.0.LHMCNFD_f99fc12ea5_5.0.zip,969M
Xiaomi Mi 8/Pro/Lite,Mi 8 Global,stable_rom,V12.0.3.0.QEAMIXM (MIUI10),https://bigota.d.miui.com/V12.0.3.0.QEAMIXM/miui_MI8Global_V12.0.3.0.QEAMIXM_7619340f8c_10.0.zip,2.0G
Xiaomi Mi 8/Pro/Lite,Mi 8 Russia,stable_rom,V12.0.2.0.QEARUXM (MIUI10),https://bigota.d.miui.com/V12.0.2.0.QEARUXM/miui_MI8RUGlobal_V12.0.2.0.QEARUXM_94f7901ea4_10.0.zip,2.0G
Xiaomi Mi 8/Pro/Lite,Mi 8 Lite Global,stable_rom,V12.0.3.0.QDTMIXM (MIUI10),https://bigota.d.miui.com/V12.0.3.0.QDTMIXM/miui_MI8LiteGlobal_V12.0.3.0.QDTMIXM_ac83b9d20c_10.0.zip,1.9G
Xiaomi Mi 8/Pro/Lite,Mi 8 Lite Russia,stable_rom,V12.0.1.0.QDTRUXM (MIUI12),https://bigota.d.miui.com/V12.0.1.0.QDTRUXM/miui_PLATINARUGlobal_V12.0.1.0.QDTRUXM_d7fbafa86e_10.0.zip,1.9G
Xiaomi Mi 8/Pro/Lite,Mi 8 Pro Global,stable_rom,V12.0.2.0.QECMIXM (MIUI10),https://bigota.d.miui.com/V12.0.2.0.QECMIXM/miui_MI8UDGlobal_V12.0.2.0.QECMIXM_1bea455dd7_10.0.zip,2.0G
Redmi 2/Prime,Redmi 2 Prime Global,stable_rom,V9.2.5.0.LHJMIEK (MIUI8),https://bigota.d.miui.com/V9.2.5.0.LHJMIEK/miui_HM2XWCProGlobal_V9.2.5.0.LHJMIEK_cc5597e455_5.1.zip,617M
Redmi 2/Prime,Redmi 2 4G Global,stable_rom,V9.2.3.0.KHJMIEK (MIUI9),https://bigota.d.miui.com/V9.2.3.0.KHJMIEK/miui_HM2XWCGlobal_V9.2.3.0.KHJMIEK_3583345a16_4.4.zip,497M
Redmi 2/Prime,Redmi 2 China,stable_rom,V9.2.3.0.KHJCNEK (MIUI9),https://bigota.d.miui.com/V9.2.3.0.KHJCNEK/miui_HM2XWC_V9.2.3.0.KHJCNEK_906f1865bf_4.4.zip,473M
Redmi 2/Prime,Redmi 2 Prime China,stable_rom,V9.2.3.0.LHJCNEK (MIUI9),https://bigota.d.miui.com/V9.2.3.0.LHJCNEK/miui_HM2XWCPro_V9.2.3.0.LHJCNEK_77056c722f_5.1.zip,576M
Redmi 3/Prime,Redmi 3/Prime Global,stable_rom,V9.6.2.0.LAIMIFD (MIUI9),https://bigota.d.miui.com/V9.6.2.0.LAIMIFD/miui_HM3Global_V9.6.2.0.LAIMIFD_99f034030c_5.1.zip,940M
Redmi 3/Prime,Redmi 3/Prime China,stable_rom,V9.6.1.0.LAICNFD (MIUI9),https://bigota.d.miui.com/V9.6.1.0.LAICNFD/miui_HM3_V9.6.1.0.LAICNFD_0e8630d551_5.1.zip,1.1G
Xiaomi Mi 1/1S,Mi 1/1S China,stable_rom,JMACNBL18.0 (V5),https://bigota.d.miui.com/JMACNBL18.0/miui_Mioneplus_JMACNBL18.0_6b0e616a48_4.1.zip,180M
Xiaomi Mi 2A,Mi 2A China,stable_rom,JLB54.0 (V5),https://bigota.d.miui.com/JLB54.0/miui_MI2A_JLB54.0_48f53d8c3d_4.1.zip,319M
Redmi 1,Redmi 1 Global,stable_rom,JHBMIBL31.0 (V5),https://bigota.d.miui.com/JHBMIBL31.0/miui_HMWGlobal_JHBMIBL31.0_1d174f5254_4.2.zip,481M
Redmi 1,Redmi 1 China,stable_rom,V7.3.1.0.KHBCNDD (MIUI7),https://bigota.d.miui.com/V7.3.1.0.KHBCNDD/miui_HMW_V7.3.1.0.KHBCNDD_49c9fc7ce6_4.4.zip,485M
Redmi Note Prime,Redmi Note Prime Global,stable_rom,V9.2.3.0.KHKMIEK (MIUI9),https://bigota.d.miui.com/V9.2.3.0.KHKMIEK/miui_HMNote1SGlobal_V9.2.3.0.KHKMIEK_e17de67cbc_4.4.zip,679M
Redmi Note Prime,Redmi Note Prime (Dual SIM) China,stable_rom,V9.2.2.0.KHKCNEK (MIUI9),https://bigota.d.miui.com/V9.2.2.0.KHKCNEK/miui_HMNote1S_V9.2.2.0.KHKCNEK_5562fee1c4_4.4.zip,535M
Redmi 4X,Redmi 4X Global,stable_rom,V11.0.2.0.NAMMIXM (MIUI11),https://bigota.d.miui.com/V11.0.2.0.NAMMIXM/miui_HM4XGlobal_V11.0.2.0.NAMMIXM_eae1390b46_7.1.zip,1.5G
Redmi Note 4X,Redmi Note 4X Global,stable_rom,V11.0.2.0.NCFMIXM (MIUI11),https://bigota.d.miui.com/V11.0.2.0.NCFMIXM/miui_HMNote4XGlobal_V11.0.2.0.NCFMIXM_83170d3e3a_7.0.zip,1.5G
Redmi 4 Prime,Redmi 4 Prime Global,stable_rom,V10.2.2.0.MBEMIXM (MIUI10),https://bigota.d.miui.com/V10.2.2.0.MBEMIXM/miui_HM4ProGlobal_V10.2.2.0.MBEMIXM_b43768684c_6.0.zip,1.4G
Xiaomi Mi MIX,Mi MIX Global,stable_rom,V11.0.2.0.OAHMIXM (MIUI10),https://bigota.d.miui.com/V11.0.2.0.OAHMIXM/miui_MIMIXGlobal_V11.0.2.0.OAHMIXM_6e058c6d8f_8.0.zip,1.51G
Xiaomi Mi 2/2S,Mi 2/2S Global,stable_rom,V9.2.2.0.LXAMIEK (MIUI9),https://bigota.d.miui.com/V9.2.2.0.LXAMIEK/miui_MI2Global_V9.2.2.0.LXAMIEK_ecf9dfbeb9_5.0.zip,602M
Xiaomi Mi 2/2S,Mi 2/2S China,stable_rom,V9.2.3.0.LXACNEK (MIUI9),https://bigota.d.miui.com/V9.2.3.0.LXACNEK/miui_MI2_V9.2.3.0.LXACNEK_68e064332d_5.0.zip,512M
Mi Play,Mi Play China,stable_rom,V11.0.7.0.OFICNXM (MIUI11),https://bigota.d.miui.com/V11.0.7.0.OFICNXM/miui_MIPLAY_V11.0.7.0.OFICNXM_a4528e6b16_8.1.zip,1.9G
Mi Play,Mi Play Global,stable_rom,V11.0.8.0.OFIMIXM (MIUI 10),https://bigota.d.miui.com/V11.0.8.0.OFIMIXM/miui_MIPLAYGlobal_V11.0.8.0.OFIMIXM_e7513e7fa7_8.1.zip,1.6G
Mi Play,Mi Play RU,stable_rom,V11.0.9.0.OFIRUXM (MIUI11),https://bigota.d.miui.com/V11.0.9.0.OFIRUXM/miui_MIPLAYRUGlobal_V11.0.9.0.OFIRUXM_5338616571_8.1.zip,1.6G
Xiaomi Mi 4,Mi 4 3G/4G Global,stable_rom,V9.5.7.0.MXDMIFA (MIUI9),https://bigota.d.miui.com/V9.5.7.0.MXDMIFA/miui_MI3WMI4WGlobal_V9.5.7.0.MXDMIFA_df826857ee_6.0.zip,774M
Xiaomi Mi 4,Mi 4 3G/4G China,stable_rom,V10.1.1.0.MXDCNFI (MIUI9),https://bigota.d.miui.com/V10.1.1.0.MXDCNFI/miui_MI3WMI4W_V10.1.1.0.MXDCNFI_5adf2b8422_6.0.zip,720M
Mi A2 Lite,Mi A2 Lite,stable_rom,V11.0.4.0.QDLMIXM (Android Q),https://bigota.d.miui.com/V11.0.4.0.QDLMIXM/miui_DAISYGlobal_V11.0.4.0.QDLMIXM_43d1799e9a_10.0.zip,1.1G
Xiaomi Mi Note 2,Mi Note 2 Global,stable_rom,V11.0.2.0.OADMIXM (MIUI11),https://bigota.d.miui.com/V11.0.2.0.OADMIXM/miui_MINote2Global_V11.0.2.0.OADMIXM_6353b7fa7e_8.0.zip,1.5G
POCO X4,POCO X4 Pro 5G Global,stable_rom,V12.5.5.0.RKTMIXM (),https://bigota.d.miui.com/V12.5.5.0.RKTMIXM/miui_PISSARROGlobal_V12.5.5.0.RKTMIXM_01e268fa06_11.0.zip,2.5G
Xiaomi 12 Series,Xiaomi 12 Pro ID,stable_rom,V13.0.2.0.SLBIDXM (),https://bigota.d.miui.com/V13.0.2.0.SLBIDXM/miui_ZEUSIDGlobal_V13.0.2.0.SLBIDXM_2595e3b802_12.0.zip,3.9G
Xiaomi 12 Series,Xiaomi 12 Pro RU,stable_rom,V13.0.2.0.SLBRUXM (),https://bigota.d.miui.com/V13.0.2.0.SLBRUXM/miui_ZEUSRUGlobal_V13.0.2.0.SLBRUXM_386f40d676_12.0.zip,3.9G
Xiaomi 12 Series,Xiaomi 12 Pro Global,stable_rom,V13.0.6.0.SLBMIXM (),https://bigota.d.miui.com/V13.0.6.0.SLBMIXM/miui_ZEUSGlobal_V13.0.6.0.SLBMIXM_35481701b3_12.0.zip,3.8G
Xiaomi 12 Series,Xiaomi 12 Pro TW,stable_rom,V13.0.3.0.SLBTWXM (),https://bigota.d.miui.com/V13.0.3.0.SLBTWXM/miui_ZEUSTWGlobal_V13.0.3.0.SLBTWXM_aa6109c24f_12.0.zip,3.8G
Xiaomi 12 Series,Xiaomi 12 RU,stable_rom,V13.0.1.0.SLCRUXM (),https://bigota.d.miui.com/V13.0.1.0.SLCRUXM/miui_CUPIDRUGlobal_V13.0.1.0.SLCRUXM_3876549352_12.0.zip,3.8G
Xiaomi 12 Series,Xiaomi 12 ID,stable_rom,V13.0.1.0.SLCIDXM (),https://bigota.d.miui.com/V13.0.1.0.SLCIDXM/miui_CUPIDIDGlobal_V13.0.1.0.SLCIDXM_50a08920c0_12.0.zip,3.8G
Xiaomi 12 Series,Xiaomi 12 TW,stable_rom,V13.0.3.0.SLCTWXM (),https://bigota.d.miui.com/V13.0.3.0.SLCTWXM/miui_CUPIDTWGlobal_V13.0.3.0.SLCTWXM_aa2db81c78_12.0.zip,3.7G
Xiaomi 12 Series,Xiaomi 12 EEA,stable_rom,V13.0.16.0.SLCEUXM (),https://bigota.d.miui.com/V13.0.16.0.SLCEUXM/miui_CUPIDEEAGlobal_V13.0.16.0.SLCEUXM_9b162cbd6f_12.0.zip,3.9G
Xiaomi 12 Series,Xiaomi 12 Global,stable_rom,V13.0.7.0.SLCMIXM (),https://bigota.d.miui.com/V13.0.7.0.SLCMIXM/miui_CUPIDGlobal_V13.0.7.0.SLCMIXM_7dc17b4278_12.0.zip,3.7G
Xiaomi 12 Series,Xiaomi 12 Pro EEA,stable_rom,V13.0.16.0.SLBEUXM (),https://bigota.d.miui.com/V13.0.16.0.SLBEUXM/miui_ZEUSEEAGlobal_V13.0.16.0.SLBEUXM_db2b379891_12.0.zip,4.0G
Xiaomi 12 Series,Xiaomi 12X TW,stable_rom,V13.0.2.0.RLDTWXM (),https://bigota.d.miui.com/V13.0.2.0.RLDTWXM/miui_PSYCHETWGlobal_V13.0.2.0.RLDTWXM_6a5742d479_11.0.zip,2.9G
Xiaomi 12 Series,Xiaomi 12X RU,stable_rom,V13.0.1.0.RLDRUXM (),https://bigota.d.miui.com/V13.0.1.0.RLDRUXM/miui_PSYCHERUGlobal_V13.0.1.0.RLDRUXM_cfc53f74bd_11.0.zip,2.9G
Xiaomi 12 Series,Xiaomi 12X EEA,stable_rom,V13.0.1.0.RLDEUXM (),https://bigota.d.miui.com/V13.0.1.0.RLDEUXM/miui_PSYCHEEEAGlobal_V13.0.1.0.RLDEUXM_0013aec626_11.0.zip,2.9G
Xiaomi 12 Series,Xiaomi 12X Global,stable_rom,V13.0.5.0.RLDMIXM (),https://bigota.d.miui.com/V13.0.5.0.RLDMIXM/miui_PSYCHEGlobal_V13.0.5.0.RLDMIXM_e3fec00afd_11.0.zip,2.9G
POCO M4/ Pro,POCO M4 Pro Global,stable_rom,V13.0.7.0.RKEMIXM (),https://bigota.d.miui.com/V13.0.7.0.RKEMIXM/miui_FLEURGlobal_V13.0.7.0.RKEMIXM_30020f3ca0_11.0.zip,2.5G
POCO M4/ Pro,POCO M4 Pro IN,stable_rom,V13.0.3.0.RKEINXM (),https://bigota.d.miui.com/V13.0.3.0.RKEINXM/miui_FLEURINGlobal_V13.0.3.0.RKEINXM_965c6abe20_11.0.zip,2.6G
POCO M4/ Pro,POCO M4 Pro RU,stable_rom,V13.0.2.0.RKERUXM (),https://bigota.d.miui.com/V13.0.2.0.RKERUXM/miui_FLEURRUGlobal_V13.0.2.0.RKERUXM_4fc0a92376_11.0.zip,2.6G
POCO M4/ Pro,POCO M4 Pro EEA,stable_rom,V13.0.6.0.RKEEUXM (),https://bigota.d.miui.com/V13.0.6.0.RKEEUXM/miui_FLEUREEAGlobal_V13.0.6.0.RKEEUXM_5f930e4d70_11.0.zip,2.6G
POCO M4/ Pro,POCO M4 Pro TW,stable_rom,V13.0.2.0.RKETWXM (),https://bigota.d.miui.com/V13.0.2.0.RKETWXM/miui_FLEURTWGlobal_V13.0.2.0.RKETWXM_c9b006e75e_11.0.zip,2.5G
POCO M4/ Pro,POCO M4 Pro 5G RU,stable_rom,V12.5.6.0.RGBRUXM (),https://bigota.d.miui.com/V12.5.6.0.RGBRUXM/miui_EVERGREENRUGlobal_V12.5.6.0.RGBRUXM_906446ecbc_11.0.zip,2.5G
POCO M4/ Pro,POCO M4 Pro TR,stable_rom,V13.0.3.0.RKETRXM (),https://bigota.d.miui.com/V13.0.3.0.RKETRXM/miui_FLEURTRGlobal_V13.0.3.0.RKETRXM_91b0379f1a_11.0.zip,2.6G
POCO M4/ Pro,POCO M4 Pro ID,stable_rom,V13.0.2.0.RKEIDXM (),https://bigota.d.miui.com/V13.0.2.0.RKEIDXM/miui_FLEURIDGlobal_V13.0.2.0.RKEIDXM_409c70d95f_11.0.zip,2.6G
Redmi Note 11 Series,Redmi Note 11 Pro 5G EEA,stable_rom,V13.0.6.0.RKCEUXM (),https://bigota.d.miui.com/V13.0.6.0.RKCEUXM/miui_VEUXEEAGlobal_V13.0.6.0.RKCEUXM_1447a97bb8_11.0.zip,2.9G
Redmi Note 11 Series,Redmi Note 11 Pro+ 5G Global,stable_rom,V12.5.5.0.RKTMIXM (),https://bigota.d.miui.com/V12.5.5.0.RKTMIXM/miui_PISSARROGlobal_V12.5.5.0.RKTMIXM_01e268fa06_11.0.zip,2.5G
Redmi Note 11 Series,Redmi Note 11 Pro TW,stable_rom,V13.0.1.0.RGDTWXM (),https://bigota.d.miui.com/V13.0.1.0.RGDTWXM/miui_VIVATWGlobal_V13.0.1.0.RGDTWXM_add07edbf6_11.0.zip,2.5G
Redmi Note 11 Series,Redmi Note 11S TR,stable_rom,V13.0.3.0.RKETRXM (),https://bigota.d.miui.com/V13.0.3.0.RKETRXM/miui_FLEURTRGlobal_V13.0.3.0.RKETRXM_91b0379f1a_11.0.zip,2.6G
Redmi Note 11 Series,Redmi Note 11 NFC EEA,stable_rom,V13.0.7.0.RGKEUXM (),https://bigota.d.miui.com/V13.0.7.0.RGKEUXM/miui_SPESNEEAGlobal_V13.0.7.0.RGKEUXM_c2553cf9ed_11.0.zip,2.6G
Redmi Note 11 Series,Redmi Note 11 Pro Global,stable_rom,V13.0.4.0.RGDMIXM (),https://bigota.d.miui.com/V13.0.4.0.RGDMIXM/miui_VIVAGlobal_V13.0.4.0.RGDMIXM_9007697299_11.0.zip,2.6G
Redmi Note 11 Series,Redmi Note 11 Pro 5G TW,stable_rom,V13.0.3.0.RKCTWXM (),https://bigota.d.miui.com/V13.0.3.0.RKCTWXM/miui_VEUXTWGlobal_V13.0.3.0.RKCTWXM_c478f6573e_11.0.zip,2.8G
Redmi Note 11 Series,Redmi Note 11 Pro 5G TR,stable_rom,V13.0.2.0.RKCTRXM (),https://bigota.d.miui.com/V13.0.2.0.RKCTRXM/miui_VEUXTRGlobal_V13.0.2.0.RKCTRXM_7751c01772_11.0.zip,2.9G
Redmi Note 11 Series,Redmi Note 11 Pro 5G RU,stable_rom,V13.0.2.0.RKCRUXM (),https://bigota.d.miui.com/V13.0.2.0.RKCRUXM/miui_VEUXRUGlobal_V13.0.2.0.RKCRUXM_e2db43272c_11.0.zip,2.9G
Redmi Note 11 Series,Redmi Note 11 RU,stable_rom,V13.0.3.0.RGKRUXM (),https://bigota.d.miui.com/V13.0.3.0.RGKRUXM/miui_SPESNRUGlobal_V13.0.3.0.RGKRUXM_24fc834943_11.0.zip,2.6G
Redmi Note 11 Series,Redmi Note 11S TW,stable_rom,V13.0.2.0.RKETWXM (),https://bigota.d.miui.com/V13.0.2.0.RKETWXM/miui_FLEURTWGlobal_V13.0.2.0.RKETWXM_c9b006e75e_11.0.zip,2.5G
Redmi Note 11 Series,Redmi Note 11 Pro 5G Global,stable_rom,V13.0.10.0.RKCMIXM (),https://bigota.d.miui.com/V13.0.10.0.RKCMIXM/miui_VEUXGlobal_V13.0.10.0.RKCMIXM_96ce2374b6_11.0.zip,2.9G
Redmi Note 11 Series,Redmi Note 11S RU,stable_rom,V13.0.2.0.RKERUXM (),https://bigota.d.miui.com/V13.0.2.0.RKERUXM/miui_FLEURRUGlobal_V13.0.2.0.RKERUXM_4fc0a92376_11.0.zip,2.6G
Redmi Note 11 Series,Redmi Note 11S Global,stable_rom,V13.0.7.0.RKEMIXM (),https://bigota.d.miui.com/V13.0.7.0.RKEMIXM/miui_FLEURGlobal_V13.0.7.0.RKEMIXM_30020f3ca0_11.0.zip,2.5G
Redmi Note 11 Series,Redmi Note 11S EEA,stable_rom,V13.0.6.0.RKEEUXM (),https://bigota.d.miui.com/V13.0.6.0.RKEEUXM/miui_FLEUREEAGlobal_V13.0.6.0.RKEEUXM_5f930e4d70_11.0.zip,2.6G
Redmi Note 11 Series,Redmi Note 11S IN,stable_rom,V13.0.3.0.RKEINXM (),https://bigota.d.miui.com/V13.0.3.0.RKEINXM/miui_FLEURINGlobal_V13.0.3.0.RKEINXM_965c6abe20_11.0.zip,2.6G
Redmi Note 11 Series,Redmi Note 11 Global,stable_rom,V13.0.9.0.RGCMIXM (),https://bigota.d.miui.com/V13.0.9.0.RGCMIXM/miui_SPESGlobal_V13.0.9.0.RGCMIXM_bddb102a5b_11.0.zip,2.6G
POCO M4 Pro 5G,POCO M4 Pro 5G EEA,stable_rom,V12.5.8.0.RGBEUXM (),https://bigota.d.miui.com/V12.5.8.0.RGBEUXM/miui_EVERGREENEEAGlobal_V12.5.8.0.RGBEUXM_611954c243_11.0.zip,2.5G
POCO M4 Pro 5G,POCO M4 Pro 5G Global,stable_rom,V12.5.7.0.RGBMIXM (),https://bigota.d.miui.com/V12.5.7.0.RGBMIXM/miui_EVERGREENGlobal_V12.5.7.0.RGBMIXM_7811d74404_11.0.zip,2.4G
POCO M4 Pro 5G,POCO M4 Pro 5G RU,stable_rom,V12.5.6.0.RGBRUXM (),https://bigota.d.miui.com/V12.5.6.0.RGBRUXM/miui_EVERGREENRUGlobal_V12.5.6.0.RGBRUXM_906446ecbc_11.0.zip,2.5G
POCO M4 Pro 5G,POCO M4 Pro 5G TW,stable_rom,V12.5.2.0.RGBTWXM (),https://bigota.d.miui.com/V12.5.2.0.RGBTWXM/miui_EVERGREENTWGlobal_V12.5.2.0.RGBTWXM_afc1e0f4be_11.0.zip,2.3G
Xiaoimi pad 5,Xiaoimi pad 5 Global,stable_rom,V13.0.2.0.RKXMIXM (),https://bigota.d.miui.com/V13.0.2.0.RKXMIXM/miui_NABUGlobal_V13.0.2.0.RKXMIXM_38f4e878d0_11.0.zip,2.6G
Xiaoimi pad 5,Xiaoimi pad 5 EEA,stable_rom,V13.0.4.0.RKXEUXM (),https://bigota.d.miui.com/V13.0.4.0.RKXEUXM/miui_NABUEEAGlobal_V13.0.4.0.RKXEUXM_7773cd515f_11.0.zip,2.6G
Xiaoimi pad 5,Xiaoimi pad 5 TW,stable_rom,V13.0.2.0.RKXTWXM (),https://bigota.d.miui.com/V13.0.2.0.RKXTWXM/miui_NABUTWGlobal_V13.0.2.0.RKXTWXM_d89e8b940d_11.0.zip,2.6G
Xiaomi 11 Lite 5G NE,Xiaomi 11 Lite 5G NE TR,stable_rom,V13.0.1.0.SKOTRXM (),https://bigota.d.miui.com/V13.0.1.0.SKOTRXM/miui_LISATRGlobal_V13.0.1.0.SKOTRXM_355e3215ce_12.0.zip,3.3G
Xiaomi 11 Lite 5G NE,Xiaomi 11 Lite 5G NE TW,stable_rom,V13.0.1.0.SKOTWXM (),https://bigota.d.miui.com/V13.0.1.0.SKOTWXM/miui_LISATWGlobal_V13.0.1.0.SKOTWXM_37e71e55fe_12.0.zip,3.2G
Xiaomi 11 Lite 5G NE,Xiaomi 11 Lite 5G NE IN,stable_rom,V13.0.3.0.SKOINXM (),https://bigota.d.miui.com/V13.0.3.0.SKOINXM/miui_LISAINGlobal_V13.0.3.0.SKOINXM_78db36ab2a_12.0.zip,3.2G
Xiaomi 11 Lite 5G NE,Xiaomi 11 Lite 5G NE RU,stable_rom,V13.0.1.0.SKORUXM (),https://bigota.d.miui.com/V13.0.1.0.SKORUXM/miui_LISARUGlobal_V13.0.1.0.SKORUXM_a54668629d_12.0.zip,3.3G
Xiaomi 11 Lite 5G NE,Xiaomi 11 Lite 5G NE EEA,stable_rom,V13.0.8.0.SKOEUXM (),https://bigota.d.miui.com/V13.0.8.0.SKOEUXM/miui_LISAEEAGlobal_V13.0.8.0.SKOEUXM_7ba9890b2d_12.0.zip,3.3G
Xiaomi 11 Lite 5G NE,Xiaomi 11 Lite 5G NE Global,stable_rom,V13.0.2.0.SKOMIXM (),https://bigota.d.miui.com/V13.0.2.0.SKOMIXM/miui_LISAGlobal_V13.0.2.0.SKOMIXM_737bc75f14_12.0.zip,3.2G
Xiaomi 11T/Pro,Xiaomi 11T Global,stable_rom,V13.0.3.0.SKWMIXM (),https://bigota.d.miui.com/V13.0.3.0.SKWMIXM/miui_AGATEGlobal_V13.0.3.0.SKWMIXM_ecaa5f9d4c_12.0.zip,3.2G
Xiaomi 11T/Pro,Xiaomi 11T EEA,stable_rom,V13.0.4.0.SKWEUXM (),https://bigota.d.miui.com/V13.0.4.0.SKWEUXM/miui_AGATEEEAGlobal_V13.0.4.0.SKWEUXM_373f32a58a_12.0.zip,3.3G
Xiaomi 11T/Pro,Xiaomi 11T Pro TW,stable_rom,V13.0.1.0.SKDTWXM (),https://bigota.d.miui.com/V13.0.1.0.SKDTWXM/miui_VILITWGlobal_V13.0.1.0.SKDTWXM_39248fbd6c_12.0.zip,3.4G
Xiaomi 11T/Pro,Xiaomi 11T Pro EEA,stable_rom,V13.0.9.0.SKDEUXM (),https://bigota.d.miui.com/V13.0.9.0.SKDEUXM/miui_VILIEEAGlobal_V13.0.9.0.SKDEUXM_b9f6448197_12.0.zip,3.5G
Xiaomi 11T/Pro,Xiaomi 11T Pro RU,stable_rom,V13.0.1.0.SKDRUXM (),https://bigota.d.miui.com/V13.0.1.0.SKDRUXM/miui_VILIRUGlobal_V13.0.1.0.SKDRUXM_65f9a567f7_12.0.zip,3.5G
Xiaomi 11T/Pro,Xiaomi 11T Pro TR,stable_rom,V13.0.1.0.SKDTRXM (),https://bigota.d.miui.com/V13.0.1.0.SKDTRXM/miui_VILITRGlobal_V13.0.1.0.SKDTRXM_58a7993a8b_12.0.zip,3.5G
Xiaomi 11T/Pro,Xiaomi 11T Pro Global,stable_rom,V13.0.3.0.SKDMIXM (),https://bigota.d.miui.com/V13.0.3.0.SKDMIXM/miui_VILIGlobal_V13.0.3.0.SKDMIXM_a28e1fc7a4_12.0.zip,3.4G
Xiaomi 11T/Pro,Xiaomi 11T TW,stable_rom,V13.0.2.0.SKWTWXM (),https://bigota.d.miui.com/V13.0.2.0.SKWTWXM/miui_AGATETWGlobal_V13.0.2.0.SKWTWXM_a8f3cf93b6_12.0.zip,3.2G
Xiaomi 11T/Pro,Xiaomi 11T Pro JP,stable_rom,V13.0.1.0.SKDJPXM (),https://bigota.d.miui.com/V13.0.1.0.SKDJPXM/miui_VILIJPGlobal_V13.0.1.0.SKDJPXM_f2dda46a30_12.0.zip,3.5G
Xiaomi 11T/Pro,Xiaomi 11T RU,stable_rom,V13.0.1.0.SKWRUXM (),https://bigota.d.miui.com/V13.0.1.0.SKWRUXM/miui_AGATERUGlobal_V13.0.1.0.SKWRUXM_d8fd6a1732_12.0.zip,3.2G
Redmi 10,Redmi 10 ID,stable_rom,V12.5.10.0.RKUIDXM (),https://bigota.d.miui.com/V12.5.10.0.RKUIDXM/miui_SELENEIDGlobal_V12.5.10.0.RKUIDXM_83c96f2262_11.0.zip,2.4G
Redmi 10,Redmi 10 RU,stable_rom,V12.5.10.0.RKURUXM (),https://bigota.d.miui.com/V12.5.10.0.RKURUXM/miui_SELENERUGlobal_V12.5.10.0.RKURUXM_56faf3150e_11.0.zip,2.4G
Redmi 10,Redmi 10 Global,stable_rom,V12.5.18.0.RKUMIXM (),https://bigota.d.miui.com/V12.5.18.0.RKUMIXM/miui_SELENEGlobal_V12.5.18.0.RKUMIXM_4bba0526fe_11.0.zip,2.4G
Redmi 10,Redmi 10 TW,stable_rom,V12.5.5.0.RKUTWXM (),https://bigota.d.miui.com/V12.5.5.0.RKUTWXM/miui_SELENETWGlobal_V12.5.5.0.RKUTWXM_eaec9c34cb_11.0.zip,2.3G
Redmi 10,Redmi 10 EEA,stable_rom,V12.5.15.0.RKUEUXM (),https://bigota.d.miui.com/V12.5.15.0.RKUEUXM/miui_SELENEEEAGlobal_V12.5.15.0.RKUEUXM_148cd43dad_11.0.zip,2.4G
Redmi 10,Redmi 10C Global,stable_rom,V13.0.6.0.RGEMIXM (),https://bigota.d.miui.com/V13.0.6.0.RGEMIXM/miui_FOGGlobal_V13.0.6.0.RGEMIXM_65262f3ca3_11.0.zip,2.4G
Redmi 10,Redmi 10C IN,stable_rom,V13.0.5.0.RGEINXM (),https://bigota.d.miui.com/V13.0.5.0.RGEINXM/miui_FOGINGlobal_V13.0.5.0.RGEINXM_413dad608e_11.0.zip,2.4G
Mi 11i,Mi 11i IN,stable_rom,version自定义文案 (),https://bigota.d.miui.com/V13.0.1.0.SKKINXM/miui_HAYDNINGlobal_V13.0.1.0.SKKINXM_8bd0b7de06_12.0.zip,3.1G
Mi 11i,Mi 11i EEA,stable_rom,version自定义文案 (),https://bigota.d.miui.com/V13.0.5.0.SKKEUXM/miui_HAYDNEEAGlobal_V13.0.5.0.SKKEUXM_ff4ae422bf_12.0.zip,3.3G
Mi 11i,Mi 11i Global,stable_rom,version自定义文案 (),https://bigota.d.miui.com/V13.0.1.0.SKKMIXM/miui_HAYDNGlobal_V13.0.1.0.SKKMIXM_e3cd6bc658_12.0.zip,3.3G
Redmi Note 10S,Redmi Note 10S RU,stable_rom,version自定义文案 (),https://bigota.d.miui.com/V12.5.8.0.RKLRUXM/miui_ROSEMARYRUGlobal_V12.5.8.0.RKLRUXM_c645e58071_11.0.zip,2.5G
Redmi Note 10S,Redmi Note 10S ID,stable_rom,version自定义文案 (),https://bigota.d.miui.com/V12.5.7.0.RKLIDXM/miui_ROSEMARYIDGlobal_V12.5.7.0.RKLIDXM_260347a184_11.0.zip,2.5G
Redmi Note 10S,Redmi Note 10S IN,stable_rom,version自定义文案 (),https://bigota.d.miui.com/V12.5.12.0.RKLINXM/miui_ROSEMARYINGlobal_V12.5.12.0.RKLINXM_57a06d19aa_11.0.zip,2.5G
Redmi Note 10S,Redmi Note 10S TR,stable_rom,version自定义文案 (),https://bigota.d.miui.com/V12.5.7.0.RKLTRXM/miui_ROSEMARYTRGlobal_V12.5.7.0.RKLTRXM_f88e7b085a_11.0.zip,2.5G
Redmi Note 10S,Redmi Note 10S TW,stable_rom,version自定义文案 (),https://bigota.d.miui.com/V12.5.6.0.RKLTWXM/miui_ROSEMARYTWGlobal_V12.5.6.0.RKLTWXM_b284b08bf8_11.0.zip,2.5G
Redmi Note 10S,Redmi Note 10S EEA,stable_rom,version自定义文案 (),https://bigota.d.miui.com/V12.5.17.0.RKLEUXM/miui_ROSEMARYEEAGlobal_V12.5.17.0.RKLEUXM_a1ac951e80_11.0.zip,2.6G
Redmi Note 10S,Redmi Note 10S Global,stable_rom,version自定义文案 (),https://bigota.d.miui.com/V12.5.16.0.RKLMIXM/miui_ROSEMARYGlobal_V12.5.16.0.RKLMIXM_4c7c90de54_11.0.zip,2.5G
Redmi Note10 T/5G,Redmi Note10 5G TR,stable_rom,version自定义文案 (),https://bigota.d.miui.com/V12.5.3.0.RKSTRXM/miui_CAMELLIANTRGlobal_V12.5.3.0.RKSTRXM_c609e07532_11.0.zip,2.3G
Redmi Note10 T/5G,Redmi Note10 5G TW,stable_rom,version自定义文案 (),https://bigota.d.miui.com/V12.5.2.0.RKSTWXM/miui_CAMELLIANTWGlobal_V12.5.2.0.RKSTWXM_88695143a2_11.0.zip,2.2G
Redmi Note10 T/5G,Redmi Note10 T RU,stable_rom,version自定义文案 (),https://bigota.d.miui.com/V12.5.3.0.RKSRUXM/miui_CAMELLIANRUGlobal_V12.5.3.0.RKSRUXM_fb1b3ca8a9_11.0.zip,2.3G
Mi 11 Ultra,Mi 11 Ultra EEA,stable_rom,version自定义文案 (),https://bigota.d.miui.com/V13.0.5.0.SKAEUXM/miui_STAREEAGlobal_V13.0.5.0.SKAEUXM_22c3064331_12.0.zip,3.6G
Mi 11 Ultra,Mi 11 Ultra ID,stable_rom,version自定义文案 (),https://bigota.d.miui.com/V13.0.2.0.SKAIDXM/miui_STARIDGlobal_V13.0.2.0.SKAIDXM_8e7ececfcf_12.0.zip,3.5G
Mi 11 Ultra,Mi 11 Ultra IN,stable_rom,version自定义文案 (),https://bigota.d.miui.com/V13.0.2.0.SKAINXM/miui_STARINGlobal_V13.0.2.0.SKAINXM_a79f4b2f88_12.0.zip,3.5G
Mi 11 Ultra,Mi 11 Ultra Global,stable_rom,version自定义文案 (),https://bigota.d.miui.com/V13.0.2.0.SKAMIXM/miui_STARGlobal_V13.0.2.0.SKAMIXM_eecc15ab63_12.0.zip,3.5G
POCO F3,POCO F3 TW,stable_rom,version自定义文案 (),https://bigota.d.miui.com/V13.0.1.0.SKHTWXM/miui_ALIOTHTWGlobal_V13.0.1.0.SKHTWXM_1573a396df_12.0.zip,3.1G
POCO F3,POCO F3 TR,stable_rom,version自定义文案 (),https://bigota.d.miui.com/V13.0.1.0.SKHTRXM/miui_ALIOTHTRGlobal_V13.0.1.0.SKHTRXM_1eaf50fc2f_12.0.zip,3.2G
POCO F3,POCO F3 RU,stable_rom,version自定义文案 (),https://bigota.d.miui.com/V13.0.1.0.SKHRUXM/miui_ALIOTHRUGlobal_V13.0.1.0.SKHRUXM_1f997e0019_12.0.zip,3.2G
POCO F3,POCO F3 ID,stable_rom,version自定义文案 (),https://bigota.d.miui.com/V13.0.1.0.SKHIDXM/miui_ALIOTHIDGlobal_V13.0.1.0.SKHIDXM_52113cccb6_12.0.zip,3.2G
POCO F3,POCO F3 IN,stable_rom,version自定义文案 (),https://bigota.d.miui.com/V13.0.4.0.SKHINXM/miui_ALIOTHINGlobal_V13.0.4.0.SKHINXM_276654c47c_12.0.zip,3.1G
POCO F3,POCO F3 EEA,stable_rom,version自定义文案 (),https://bigota.d.miui.com/V13.0.3.0.SKHEUXM/miui_ALIOTHEEAGlobal_V13.0.3.0.SKHEUXM_9a5f825866_12.0.zip,3.2G
POCO F3,POCO F3 Global,stable_rom,version自定义文案 (),https://bigota.d.miui.com/V13.0.2.0.SKHMIXM/miui_ALIOTHGlobal_V13.0.2.0.SKHMIXM_d4a06a38d5_12.0.zip,3.1G
Mi 11 Lite/ 5G,Mi 11 Lite EEA,stable_rom,version自定义文案 (),https://bigota.d.miui.com/V13.0.4.0.SKQEUXM/miui_COURBETEEAGlobal_V13.0.4.0.SKQEUXM_03879a39c4_12.0.zip,3.0G
Mi 11 Lite/ 5G,Mi 11 Lite Global,stable_rom,version自定义文案 (),https://bigota.d.miui.com/V13.0.7.0.SKQMIXM/miui_COURBETGlobal_V13.0.7.0.SKQMIXM_3d00265751_12.0.zip,3.0G
Mi 11 Lite/ 5G,MI 11 Lite 5G TW,stable_rom,version自定义文案 (MIUI12 ),https://bigota.d.miui.com/V13.0.1.0.SKITWXM/miui_RENOIRTWGlobal_V13.0.1.0.SKITWXM_b84da5491f_12.0.zip,3.2G
Mi 11 Lite/ 5G,MI 11 Lite 5G EEA,stable_rom,version自定义文案 (),https://bigota.d.miui.com/V13.0.4.0.SKIEUXM/miui_RENOIREEAGlobal_V13.0.4.0.SKIEUXM_6154fb0712_12.0.zip,3.3G
Mi 11 Lite/ 5G,MI 11 Lite 5G Global,stable_rom,version自定义文案 (),https://bigota.d.miui.com/V13.0.4.0.SKIMIXM/miui_RENOIRGlobal_V13.0.4.0.SKIMIXM_e66cdbaec5_12.0.zip,3.2G
Mi 11 Lite/ 5G,MI 11 Lite 5G RU,stable_rom,V13.0.1.0.SKIRUXM (),https://bigota.d.miui.com/V13.0.1.0.SKIRUXM/miui_RENOIRRUGlobal_V13.0.1.0.SKIRUXM_0711b086d3_12.0.zip,3.2G
Mi 11 Lite/ 5G,Mi 11 Lite RU,stable_rom,V13.0.1.0.SKQRUXM (),https://bigota.d.miui.com/V13.0.1.0.SKQRUXM/miui_COURBETRUGlobal_V13.0.1.0.SKQRUXM_2d96a1d5a0_12.0.zip,3.0G
Mi 11 Lite/ 5G,MI 11 Lite 5G JP,stable_rom,V13.0.2.0.SKIJPXM (),https://bigota.d.miui.com/V13.0.2.0.SKIJPXM/miui_RENOIRJPGlobal_V13.0.2.0.SKIJPXM_fcc987c060_12.0.zip,3.2G
POCO X3 Pro,POCO X3 Pro Global,stable_rom,version自定义文案 (),https://bigota.d.miui.com/V13.0.3.0.SJUMIXM/miui_VAYUGlobal_V13.0.3.0.SJUMIXM_7d71e31adb_12.0.zip,3.1G
POCO X3 Pro,POCO X3 Pro EEA,stable_rom,version自定义文案 (),https://bigota.d.miui.com/V13.0.1.0.SJUEUXM/miui_VAYUEEAGlobal_V13.0.1.0.SJUEUXM_7ef0764aa8_12.0.zip,3.1G
POCO X3 Pro,POCO X3 Pro RU,stable_rom,version自定义文案 (),https://bigota.d.miui.com/V13.0.1.0.SJURUXM/miui_VAYURUGlobal_V13.0.1.0.SJURUXM_5e4fbb4a70_12.0.zip,3.1G
POCO X3 Pro,POCO X3 Pro TR,stable_rom,version自定义文案 (),https://bigota.d.miui.com/V13.0.1.0.SJUTRXM/miui_VAYUTRGlobal_V13.0.1.0.SJUTRXM_9d7d4ec87e_12.0.zip,3.1G
POCO X3 Pro,POCO X3 Pro IN,stable_rom,version自定义文案 (),https://bigota.d.miui.com/V13.0.1.0.SJUINXM/miui_VAYUINGlobal_V13.0.1.0.SJUINXM_b603785914_12.0.zip,3.1G
POCO X3 Pro,POCO X3 Pro ID,stable_rom,version自定义文案 (),https://bigota.d.miui.com/V13.0.1.0.SJUIDXM/miui_VAYUIDGlobal_V13.0.1.0.SJUIDXM_f50700f4ac_12.0.zip,3.1G
POCO X3 Pro,POCO X3 Pro TW,stable_rom,version自定义文案 (),https://bigota.d.miui.com/V13.0.1.0.SJUTWXM/miui_VAYUTWGlobal_V13.0.1.0.SJUTWXM_e792e25c9d_12.0.zip,3.0G
Mi 11,Mi 11 TW,stable_rom,version自定义文案 (),https://bigota.d.miui.com/V13.0.1.0.SKBTWXM/miui_VENUSTWGlobal_V13.0.1.0.SKBTWXM_8ba1caa331_12.0.zip,3.3G
Mi 11,Mi 11 ID,stable_rom,version自定义文案 (),https://bigota.d.miui.com/V13.0.1.0.SKBIDXM/miui_VENUSIDGlobal_V13.0.1.0.SKBIDXM_92d45dd658_12.0.zip,3.3G
Mi 11,Mi 11 RU,stable_rom,version自定义文案 (),https://bigota.d.miui.com/V13.0.1.0.SKBRUXM/miui_VENUSRUGlobal_V13.0.1.0.SKBRUXM_77cc6a72f2_12.0.zip,3.3G
Mi 11,Mi 11 TR,stable_rom,version自定义文案 (),https://bigota.d.miui.com/V13.0.1.0.SKBTRXM/miui_VENUSTRGlobal_V13.0.1.0.SKBTRXM_17b765dbb5_12.0.zip,3.3G
Mi 11,Mi 11 EEA,stable_rom,version自定义文案 (),https://bigota.d.miui.com/V13.0.4.0.SKBEUXM/miui_VENUSEEAGlobal_V13.0.4.0.SKBEUXM_fbac548b92_12.0.zip,3.4G
Mi 11,Mi 11 Global,stable_rom,version自定义文案 (),https://bigota.d.miui.com/V13.0.1.0.SKBMIXM/miui_VENUSGlobal_V13.0.1.0.SKBMIXM_1b402d5728_12.0.zip,3.3G
Redmi Note 10,Redmi Note 10 RU,stable_rom,V13.0.1.0.SKGRUXM (),https://bigota.d.miui.com/V13.0.1.0.SKGRUXM/miui_MOJITORUGlobal_V13.0.1.0.SKGRUXM_5cd14f8bf8_12.0.zip,2.6G
Redmi Note 10,Redmi Note 10 TR,stable_rom,V13.0.1.0.SKGTRXM (),https://bigota.d.miui.com/V13.0.1.0.SKGTRXM/miui_MOJITOTRGlobal_V13.0.1.0.SKGTRXM_b5dd52c5db_12.0.zip,2.6G
Redmi Note 10,Redmi Note 10 ID,stable_rom,V13.0.2.0.SKGIDXM (),https://bigota.d.miui.com/V13.0.2.0.SKGIDXM/miui_MOJITOIDGlobal_V13.0.2.0.SKGIDXM_e0240a74fe_12.0.zip,2.6G
Redmi Note 10,Redmi Note 10 IN,stable_rom,V13.0.1.0.SKGINXM (),https://bigota.d.miui.com/V13.0.1.0.SKGINXM/miui_MOJITOINGlobal_V13.0.1.0.SKGINXM_63facc4b9c_12.0.zip,2.6G
Redmi Note 10,Redmi Note 10 EEA,stable_rom,V13.0.4.0.SKGEUXM (),https://bigota.d.miui.com/V13.0.4.0.SKGEUXM/miui_MOJITOEEAGlobal_V13.0.4.0.SKGEUXM_d31c70631c_12.0.zip,2.7G
Redmi Note 10,Redmi Note 10 Global,stable_rom,V13.0.5.0.SKGMIXM (),https://bigota.d.miui.com/V13.0.5.0.SKGMIXM/miui_MOJITOGlobal_V13.0.5.0.SKGMIXM_ed96aa8401_12.0.zip,2.6G
Redmi Note10 Pro,Redmi Note10 Pro TR,stable_rom,version自定义文案 (),https://bigota.d.miui.com/V13.0.3.0.SKFTRXM/miui_SWEETTRGlobal_V13.0.3.0.SKFTRXM_e182bdd820_12.0.zip,3.1G
Redmi Note10 Pro,Redmi Note10 Pro ID,stable_rom,version自定义文案 (),https://bigota.d.miui.com/V13.0.1.0.SKFIDXM/miui_SWEETIDGlobal_V13.0.1.0.SKFIDXM_52a1ed9b8a_12.0.zip,3.1G
Redmi Note10 Pro,Redmi Note10 Pro RU,stable_rom,version自定义文案 (),https://bigota.d.miui.com/V13.0.1.0.SKFRUXM/miui_SWEETRUGlobal_V13.0.1.0.SKFRUXM_8ddc541a24_12.0.zip,3.2G
Redmi Note10 Pro,Redmi Note10 Pro IN,stable_rom,version自定义文案 (),https://bigota.d.miui.com/V13.0.3.0.SKFINXM/miui_SWEETININGlobal_V13.0.3.0.SKFINXM_f6825cd40f_12.0.zip,3.0G
Redmi Note10 Pro,Redmi Note10 Pro EEA,stable_rom,version自定义文案 (),https://bigota.d.miui.com/V13.0.8.0.SKFEUXM/miui_SWEETEEAGlobal_V13.0.8.0.SKFEUXM_690f890203_12.0.zip,3.1G
Redmi Note10 Pro,Redmi Note10 Pro Global,stable_rom,version自定义文案 (),https://bigota.d.miui.com/V13.0.4.0.SKFMIXM/miui_SWEETGlobal_V13.0.4.0.SKFMIXM_4e557a2f1f_12.0.zip,3.1G
Redmi Note10 Pro,Redmi Note10 Pro TW,stable_rom,version自定义文案 (),https://bigota.d.miui.com/V13.0.2.0.SKFTWXM/miui_SWEETTWGlobal_V13.0.2.0.SKFTWXM_26f08ab719_12.0.zip,3.1G
POCO M3/ X3 GT ,POCO M3 IN,stable_rom,V12.5.3.0.RJFINXM (MIUI12),https://bigota.d.miui.com/V12.5.3.0.RJFINXM/miui_CITRUSINGlobal_V12.5.3.0.RJFINXM_1e91485f70_11.0.zip,2.6G
POCO M3/ X3 GT ,POCO M3 EEA,stable_rom,V12.5.5.0.RJFEUXM (MIUI12),https://bigota.d.miui.com/V12.5.5.0.RJFEUXM/miui_CITRUSEEAGlobal_V12.5.5.0.RJFEUXM_4ea6f67950_11.0.zip,2.7G
POCO M3/ X3 GT ,POCO M3 RU,stable_rom,V12.5.5.0.RJFRUXM (MIUI12),https://bigota.d.miui.com/V12.5.5.0.RJFRUXM/miui_CITRUSRUGlobal_V12.5.5.0.RJFRUXM_8656237307_11.0.zip,2.7G
POCO M3/ X3 GT ,POCO M3 ID,stable_rom,V12.5.6.0.RJFIDXM (MIUI12),https://bigota.d.miui.com/V12.5.6.0.RJFIDXM/miui_CITRUSIDGlobal_V12.5.6.0.RJFIDXM_74116160b9_11.0.zip,2.6G
POCO M3/ X3 GT ,POCO M3 Global,stable_rom,V12.5.7.0.RJFMIXM (MIUI12),https://bigota.d.miui.com/V12.5.7.0.RJFMIXM/miui_CITRUSGlobal_V12.5.7.0.RJFMIXM_fa891a2765_11.0.zip,2.6G
POCO M3/ X3 GT ,POCO M3 TR,stable_rom,version自定义文案 (MIUI12),https://bigota.d.miui.com/V12.5.6.0.RJFTRXM/miui_CITRUSTRGlobal_V12.5.6.0.RJFTRXM_868e68e6f1_11.0.zip,2.7G
POCO M3/ X3 GT ,POCO M3 pro EEA,stable_rom,version自定义文案 (MIUI12),https://bigota.d.miui.com/V12.5.5.0.RKSEUXM/miui_CAMELLIANEEAGlobal_V12.5.5.0.RKSEUXM_a90f37af9b_11.0.zip,2.5G
POCO M3/ X3 GT ,POCO M3 Pro 5G Global,stable_rom,V12.5.5.0.RKSMIXM (MIUI12),https://bigota.d.miui.com/V12.5.5.0.RKSMIXM/miui_CAMELLIANGlobal_V12.5.5.0.RKSMIXM_b5dd99bb03_11.0.zip,2.3G
POCO M3/ X3 GT ,POCO M3 pro IN,stable_rom,version自定义文案 (MIUI12),https://bigota.d.miui.com/V12.5.3.0.RKSINXM/miui_CAMELLIAINGlobal_V12.5.3.0.RKSINXM_e240bec814_11.0.zip,2.4G
POCO M3/ X3 GT ,POCO M3 pro ID,stable_rom,version自定义文案 (MIUI12),https://bigota.d.miui.com/V12.5.3.0.RKSIDXM/miui_CAMELLIANIDGlobal_V12.5.3.0.RKSIDXM_8832240cd2_11.0.zip,2.3G
POCO M3/ X3 GT ,POCO M3 pro RU,stable_rom,V12.5.3.0.RKSRUXM (MIUI12),https://bigota.d.miui.com/V12.5.3.0.RKSRUXM/miui_CAMELLIANRUGlobal_V12.5.3.0.RKSRUXM_fb1b3ca8a9_11.0.zip,2.3G
POCO M3/ X3 GT ,POCO X3 GT Global TR,stable_rom,V13.0.1.0.SKPTRXM (MIUI12),https://bigota.d.miui.com/V13.0.1.0.SKPTRXM/miui_CHOPINTRGlobal_V13.0.1.0.SKPTRXM_3d2a9e0522_12.0.zip,3.2G
POCO M3/ X3 GT ,POCO X3 GT Global ID,stable_rom,V13.0.1.0.SKPIDXM (MIUI12),https://bigota.d.miui.com/V13.0.1.0.SKPIDXM/miui_CHOPINIDGlobal_V13.0.1.0.SKPIDXM_13fccc929e_12.0.zip,3.2G
POCO M3/ X3 GT ,POCO X3 GT Global,stable_rom,V13.0.3.0.SKPMIXM (MIUI12),https://bigota.d.miui.com/V13.0.3.0.SKPMIXM/miui_CHOPINGlobal_V13.0.3.0.SKPMIXM_bef6957efe_12.0.zip,3.2G
POCO M3/ X3 GT ,POCO M3 pro TW,stable_rom,V12.5.2.0.RKSTWXM (MIUI12),https://bigota.d.miui.com/V12.5.2.0.RKSTWXM/miui_CAMELLIANTWGlobal_V12.5.2.0.RKSTWXM_88695143a2_11.0.zip,2.2G
Xiaomi Mi 3,Mi 3 Global,stable_rom,V9.5.7.0.MXDMIFA (MIUI9),https://bigota.d.miui.com/V9.5.7.0.MXDMIFA/miui_MI3WMI4WGlobal_V9.5.7.0.MXDMIFA_df826857ee_6.0.zip,774M
Redmi Note 5A/Prime,Redmi Note 5A Prime Global,stable_rom,V11.0.2.0.NDKMIXM (MIUI11),https://bigota.d.miui.com/V11.0.2.0.NDKMIXM/miui_HMNote5AGlobal_V11.0.2.0.NDKMIXM_dd519c8e33_7.1.zip,1.5G
Redmi Note 5A/Prime,Redmi Note 5A Global,stable_rom,V11.0.3.0.NDFMIXM (MIUI11),https://bigota.d.miui.com/V11.0.3.0.NDFMIXM/miui_HMNote5ALITEGlobal_V11.0.3.0.NDFMIXM_542160087b_7.1.zip,1.5G
Mi Note 3,Mi Note 3 Global,stable_rom,V12.0.1.0.PCHMIXM (MIUI11),https://bigota.d.miui.com/V12.0.1.0.PCHMIXM/miui_MINote3Global_V12.0.1.0.PCHMIXM_198a40ef06_9.0.zip,1.9G
